brand,product,color,price,offer_percent
Razer,Gaming accessories,White,12428,19
Panasonic,Fitness trackers,Silver,9209,10
SoundMAGIC,Headphones,Black & Blue,9974,7
Portronics,Powerbank,White & Green,8488,4
ASUS,Tabs & Laptops,Black,117769,10
Swiss Military,Powerbank,Black,9339,5
HP,Tabs & Laptops,Natural Silver,66134,20
Apple,Mobile,Space Grey,45189,18
Bose,Headphones,Frost Grey,18169,10
Anker,Powerbank,WHITE,8128,5
Philips,Fitness trackers,Red,8554,12
SoundMAGIC,Headphones,Gunmetal,12088,8
Panasonic,Fitness trackers,Black,9209,14
Apple,Tabs & Laptops,Gold,43489,12
HP,Tabs & Laptops,Silver,64589,14
Anker,Powerbank,WHITE,8938,5
ASUS,Tabs & Laptops,Black,28989,15
SteelSeries,Gaming accessories,White,16918,16
Gamdias,Gaming accessories,Black,12648,19
Logitech,Speakers,Red,19894,7
Targus,Powerbank,Black & Grey,9494,3
Nikon,Camera,Black,90279,11
Lenovo,Tabs & Laptops,Black Texture,33089,18
Logitech,Mobile,Black,15069,18
Nikon,Camera,Black,42379,12
That Company Called IF,Powerbank,Brown,8489,3
Acer,Tabs & Laptops,Black,25088,15
Vifa,Speakers,Willow Green,37588,7
Beats,Headphones,Siren Red ,23489,5
Apple,Powerbank,White,9299,5
Speck,Mobile,Red,9164,18
Dell,Tabs & Laptops,Black,54471,17
SoundMAGIC,Headphones,Green,8288,9
Acer,Tabs & Laptops,Midnight Black,36579,12
Motorola,Mobile,Violet,8124,18
Portronics,Gaming accessories,Black,8688,19
Philips,Speakers,White,10254,6
Razer,Gaming accessories,Black,13208,23
Braun,Fitness trackers,Black,10129,15
SoundMAGIC,Headphones,White,8258,6
Logitech,Tabs & Laptops,Grey,8264,20
Google,Mobile,Very Silver,60589,16
Skywater,Mobile,,9349,12
Portronics,Speakers,Black,13659,10
Apple,Tabs & Laptops,Silver,64694,12
Anker,Powerbank,BLACK,7898,3
Apple,Tabs & Laptops,Silver,60674,14
Samsung,Mobile,Gold,8799,13
Razer,Gaming accessories,Black,20538,17
Panasonic,Speakers,Black,11409,5
Apple,Tabs & Laptops,Gold,61439,10
Philips,Fitness trackers,Pink,10354,15
Acer,Tabs & Laptops,Black & Rosewood Red,34579,19
Razer,Gaming accessories,Green,10638,23
Apple,Powerbank,White,10919,4
Apple,Tabs & Laptops,Black,19379,18
Apple,Powerbank,White,9839,3
Apple,Powerbank,White,11999,3
Lenovo,Tabs & Laptops,Black,53589,17
Lowepro,Camera,Black,10704,16
iBall,Speakers,Black,16289,6
Lenovo,Tabs & Laptops,Black ,46689,16
Philips,Audio Player,Black,10088,20
Motorola,Mobile,Spice,8124,10
Lenovo,Tabs & Laptops,Black,51684,12
Lenovo,Tabs & Laptops,Black ,44089,17
Lenovo,Tabs & Laptops,Grey,45589,11
Braun,Fitness trackers,Purple ,9859,20
SteelSeries,Gaming accessories,White,17468,22
Michael Kors,Mobile,Pink,11723,12
Lowepro,Camera,Black,9174,17
Motorola,Headphones,Black,10539,10
Beyerdynamic,Headphones,Grey,24274,8
Sony,Headphones,White,10489,8
Neopack,Powerbank,Black & Red,8488,5
Logitech,Tabs & Laptops,Red,8324,13
Sony,Headphones,Black,9279,8
Sony,Speakers,Black,50269,7
Beats,Headphones, Red,37489,7
Samsung,Mobile,Silver,8799,14
Urbanears,Headphones,Orange,11988,10
MSI,Gaming accessories,Black,80579,18
Sony,Mobile,Luminuous Chrome,65089,10
Samsung,Mobile,Silver,9819,12
Sony,Speakers,Black,48389,10
Michael Kors,Fitness trackers,Grey,14584,18
Portronics,Powerbank,White,8388,5
ASUS,Tabs & Laptops,Dark Brown,41584,20
Apple,Powerbank,White,10019,3
Apple,Tabs & Laptops,Gold,64694,12
Beats,Headphones, Blue,25589,8
Skywater,Headphones,Red,9488,10
Braun,Fitness trackers,Black,17089,14
Lenovo,Tabs & Laptops,Silver,90489,12
Zoook,Headphones,White,9878,6
Nikon,Camera,Black,36879,15
SoundMAGIC,Headphones,Black,8848,6
Philips,Fitness trackers,Black,10749,10
Apple,Powerbank,White,10469,4
That Company Called IF,Powerbank,Black,8739,4
Motorola,Headphones,Blue,8859,9
Apple,Powerbank,White,14609,3
Braun,Fitness trackers,Black,10744,14
Belkin,Powerbank,Black,8754,5
Razer,Gaming accessories,Black,13588,17
Apple,Tabs & Laptops,Silver,43489,15
Beats,Headphones, Sapphire Blue,25589,5
Philips,Headphones,Lime,8814,8
Zoook,Headphones,Black,8668,6
Samsung,Mobile,Black,9484,10
Logitech,Powerbank,Black,9129,5
Gamdias,Gaming accessories,Black,8388,16
Apple,Tabs & Laptops,Silver,68879,11
Logitech,Speakers,Black,18584,7
Intex,Speakers,Black,9099,8
Havells,Fitness trackers,Black,10704,15
Philips,Fitness trackers,Pink & Black,9149,19
Motorola,Headphones,Black,8264,6
Fitbit,Fitness trackers,Black,27588,14
Targus,Tabs & Laptops,Black,8929,17
boAt,Headphones,Carbon Black,8904,7
Samsung,Mobile,Gold,23489,12
Sony,Speakers,Green,10739,7
Lenovo,Tabs & Laptops,Black ,38454,20
Philips,Fitness trackers,Pink,9479,14
Zoook,Headphones,Black,8188,5
Razer,Gaming accessories,Black,16028,17
Zoook,Headphones,White,12888,10
Skywater,Powerbank,Black,8789,3
boAt,Speakers,Black,10089,9
Philips,Fitness trackers,White & Pink,8574,18
House Of Marley,Headphones,Denim Blue,9138,8
Skywater,Powerbank,Black,9189,5
FLY FROG ,Tabs & Laptops,Gold,8988,19
Lowepro,Camera,Black,10114,18
Sony,Speakers,Black,10739,6
Anker,Speakers,SILVER,9388,5
Philips,Headphones,Black,10174,6
Bose,Speakers,White,18514,10
Garmin,Fitness trackers,Black,22838,11
Hercules DJ,Audio Player,Black,31588,23
Samsung,Mobile,Black ,50989,14
Seagate,Powerbank,Black,18189,3
Master and Dynamic,Headphones,Black Metal & Black Leather,40359,10
Skywater,Powerbank,Black,8389,5
Fitbit,Fitness trackers,Black,27588,12
Lowepro,Camera,Slate Blue,10999,12
Logitech,Gaming accessories,Black,9174,18
Zoook,Powerbank,Black,8109,3
Apple,Tabs & Laptops,Gold,54834,11
Apple,Tabs & Laptops,Gold,63049,16
Urbanears,Headphones,Black,11789,8
Fitbit,Fitness trackers,Plum,24588,12
Panasonic,Fitness trackers,Pink,9014,17
Motorola,Speakers,Black,19169,10
Motorola,Speakers,Black,9184,5
Skullcandy ,Speakers,Gray,11089,6
ASUS,Tabs & Laptops,Gold,54959,13
Michael Kors,Fitness trackers,Navy Blue,14584,20
Philips,Headphones,Red,8669,9
Plantronics,Headphones,Black ,13609,7
Sony,Headphones,Black,8384,7
HP,Tabs & Laptops,Black ,42809,10
Master and Dynamic,Headphones,Silver Metal & Brown Leather,35579,5
Sony,Camera,Black,39389,15
Sennheiser,Headphones,Black,11334,6
Portronics,Powerbank,Black,10188,3
Belkin,Mobile,Phantom,9044,10
B&O Play,Speakers,Champagne & Grey,30579,10
That Company Called IF,Powerbank,Multicolor,10139,5
Apple,Tabs & Laptops,Gold,87869,14
Belkin,Powerbank,Rose Gold,8644,5
Zoook,Headphones,Red & Black,8488,5
Logitech,Gaming accessories,Black,12584,22
Apple,Powerbank,White,9839,3
Intex,Speakers,Black,8409,7
Intex,Speakers,Black,8954,7
Skullcandy ,Speakers,Black,16589,5
Apple,Tabs & Laptops,Rose Gold,92314,12
boAt,Speakers,Black & Grey,9509,7
Intex,Tabs & Laptops,Black,8489,18
SteelSeries,Gaming accessories,Black,13968,15
Nikon,Camera,Black,97979,11
Logitech,Tabs & Laptops,Black,9789,18
Philips,Fitness trackers,Blue & White,15499,19
Vifa,Speakers,Sunset Red,67588,5
Apple,Tabs & Laptops,Space Grey,66644,17
B&O Play,Speakers,Black,107579,6
Apple,Tabs & Laptops,Silver ,101999,13
Pennline,Mobile,Brown,10384,13
Apple,Tabs & Laptops,Gold,71509,10
Pennline,Mobile,Black,10284,11
LG,Headphones,Black,10979,8
Razer,Gaming accessories,White,13588,16
Apple,Mobile,Berry,11099,18
TAGG,Headphones,Black,8234,7
Fenda,Speakers,Black,8679,6
Plantronics,Headphones,Black ,11879,8
Swiss Military,Powerbank,Black,8949,3
Philips,Fitness trackers,Pink,8374,14
Targus,Tabs & Laptops,Black,9049,18
Sol Republic,Headphones,Vivid Red,11089,10
Portronics,Powerbank,White,9988,5
Canon,Camera,Black,350584,11
Lowepro,Camera,Black,17989,10
Portronics,Powerbank,White,8488,4
Fitbit,Fitness trackers,Black,16088,14
Sony,Headphones,Blue,11984,6
Apple,Powerbank,White,9929,3
Samsung,Mobile,Gold,12239,15
Michael Kors,Mobile,Denim,13791,11
Benro,Camera,Black,12644,11
Portronics,Speakers,Blue,9588,7
Sony,TV,Black,212184,11
Lenovo,Mobile,Grey,18868,10
Samsung,Mobile,Gold,28489,14
Motorola,Headphones,Purple,7889,5
Sony,Headphones,Pink,8304,9
B&O Play,Headphones,Silver,18579,5
Samsung,Mobile,Black ,20489,12
Philips,Headphones,White,8634,5
Skullcandy ,Headphones,Swirl Black,10924,6
SteelSeries,Gaming accessories,Black,12468,22
Lenovo,Tabs & Laptops,White,54819,13
Fitbit,Fitness trackers,Gunmetal,22588,14
Samsung,Mobile,Gold,22079,12
FLY FROG ,Tabs & Laptops,Black,8988,20
Skywater,Mobile,Black,9129,10
Targus,Powerbank,Black,17984,3
Sony,Headphones,Blue,8304,9
Skywater,Mobile,,9189,12
Lenovo,Tabs & Laptops,Platinum Silver,34939,19
Motorola,Headphones,Black,8524,8
LG,Mobile,Black,19789,12
Motorola,Speakers,Black,9314,9
Canon,Camera,Black,57584,12
Nikon,Camera,Black,93679,15
Aftershokz,Headphones,Red,16588,5
Acer,Tabs & Laptops,Black,38812,13
Plantronics,Headphones,Black,10569,9
Lenovo,Tabs & Laptops,Black,31089,18
Braun,Fitness trackers,Black,10049,14
Bose,Speakers,White,25649,8
Belkin,Powerbank,Gold,8909,4
Apple,Tabs & Laptops,Rose Gold,66644,18
Speck,Tabs & Laptops,Malachite Green ,10984,19
Garmin,Fitness trackers,Solar Flare,35579,13
Skullcandy ,Headphones,Street Dark Gray,8809,7
Canon,Camera,Black,27584,11
Braun,Fitness trackers,"Black, Red",13489,17
Sennheiser,Headphones,Green,11334,7
Motorola,Headphones,White,9799,10
B&O Play,Speakers,Green,30579,6
Swiss Military,Powerbank,Red,8789,4
Portronics,Powerbank,White & Blue,8488,4
boAt,Speakers,Blue,9009,7
Draco Design,Mobile,Ducati Moto GP 1,9834,14
Apple,Audio Player,Gold,20469,18
Dell,Tabs & Laptops,Silver,96489,10
Sony,Mobile,White,36579,12
Apple,Mobile,Jet Black,77529,12
Acer,Tabs & Laptops,Midnight Black Color,28579,19
Nikon,Camera,Black,395579,13
Samsung,Mobile,Silver,10054,11
Zoook,Speakers,Grey,11888,7
Braun,Fitness trackers,Black & Blue,10744,10
Gamdias,Gaming accessories,Black,10578,22
Sol Republic,Headphones,Blue,18339,6
LG,Mobile,Blue Black,18479,11
HP,Tabs & Laptops,Silver,43584,11
B&O Play,Speakers,"Black, White",29489,5
Philips,Headphones,Black,10669,5
Tp- Link,Powerbank,White,9279,5
Anker,Powerbank,BLACK,7948,5
Panasonic,Fitness trackers,White & Dark Pink,14764,12
UltraProlink,Tabs & Laptops,White,10558,18
Razer,Gaming accessories,Green,12428,16
Braun,Fitness trackers,White,12804,15
Beyerdynamic,Headphones,Grey,25389,10
Samsung,Mobile,Pink Gold,8799,18
Razer,Gaming accessories,Blue,9588,18
Sony,Headphones,Black,11584,8
Apple,Powerbank,,9299,5
Withings,Fitness trackers,Sand ,20338,20
Anker,Powerbank,BLACK,11188,4
UltraProlink,Tabs & Laptops,White,8938,13
SteelSeries,Gaming accessories,Black,14358,15
Shure,Headphones,Clear,20788,10
B&O Play,Headphones,Black,21089,10
Canon,Camera,Black,184884,11
Sony,Headphones,Blue,11589,6
Philips,Headphones,Blue,9804,10
Motorola,Mobile,White,21219,17
Motorola,Headphones,Black,13834,9
Acer,Tabs & Laptops,Black,31588,10
Fenda,Speakers,Black,13429,8
Urbanears,Headphones,White,11014,5
Philips,Fitness trackers,Black & Blue,8759,16
Speck,Mobile,Red,9164,13
Zoook,Powerbank,White & Grey,9084,3
Skywater,Mobile,Red,9589,15
Seagate,Powerbank,Black,11614,3
Canon,Camera,Black,36584,14
Sony,Powerbank,Black,11389,4
That Company Called IF,Powerbank,Blue,8739,5
Sony,Speakers,Black,23439,7
Belkin,Mobile,Rose Gold,9174,13
Beyerdynamic,Headphones,Black and Silver,14024,6
Skywater,Headphones,Red,9789,7
Havells,Fitness trackers,Blue,9379,17
B&O Play,Headphones, Carbon Blue,22089,8
Skywater,Mobile,Midnight Blue,9349,17
HP,Tabs & Laptops,Silver,63489,15
Skullcandy ,Headphones,Black & Tan,11659,10
Apple,Mobile,Silver,108024,17
Apple,Tabs & Laptops,Gold ,101909,16
Philips,Headphones,Black,8464,8
Apple,Audio Player,Blue,32969,15
Apple,Mobile,Azure,10199,14
Samsung,Tabs & Laptops,Black,23089,15
Gamdias,Gaming accessories,Black,10388,20
SoundMAGIC,Headphones,Red' ,9299,6
Shure,Headphones,Silver,25588,9
Anker,Powerbank,WHITE,11188,3
Skywater,Mobile,,9429,16
ASUS,Tabs & Laptops,Red,48384,10
Apple,Powerbank,White,9209,4
Wahl,Fitness trackers,Black,9704,11
Plantronics,Headphones,White ,14329,10
Anker,Powerbank,WHITE,8258,4
Wahl,Fitness trackers,Black,8650,19
boAt,Speakers,Blue,8809,9
SteelSeries,Gaming accessories,White,9528,20
Zoook,Headphones,Black,8308,9
Lenovo,Tabs & Laptops,Red,47089,14
TAGG,Headphones,Black,10374,8
SteelSeries,Gaming accessories,White,14088,16
Apple,Mobile,White,10919,18
Benro,Camera,Black,16124,15
Dell,Tabs & Laptops,Black,38814,19
HP,Tabs & Laptops,Black,40084,15
Accutone,Headphones,Orange,9624,8
Sony,Headphones,Blue,13984,6
Samsung,Mobile,Gold,30489,17
Hidesign,Tabs & Laptops,Red,9744,18
Shure,Headphones,Black,25488,5
Sony,Mobile,Black,26439,18
Dell,Tabs & Laptops,White,67579,19
Logitech,Camera,Black,12539,12
Braun,Fitness trackers,Blue,8974,15
Sony,Camera,Black,73589,17
Logitech,Headphones,Black,10114,7
Apple,Powerbank,White,9209,4
Canon,Camera,Black,65084,17
Canon,Camera,Black,122584,16
Lenovo,Tabs & Laptops,Silver,66049,12
Dell,Tabs & Laptops,Black,54694,10
Panasonic,Fitness trackers,White,8329,17
Apple,Tabs & Laptops,Silver,12359,13
Philips,Fitness trackers,Pink & Black,9484,11
Philips,Fitness trackers,Green,8354,15
Toshiba,Tabs & Laptops,,53589,16
Sol Republic,Headphones,Steel Black ,21089,5
Skywater,Mobile,Black,9589,17
Portronics,Tabs & Laptops,Cream,9039,19
True Vino,Gaming accessories,Multi,10209,23
Targus,Tabs & Laptops,Grey,9164,18
Canon,Camera,Black,332584,18
SteelSeries,Gaming accessories,Yellow,9528,22
Google,Mobile,Very Silver,51569,16
Michael Kors,Fitness trackers,Rose Gold,14584,12
Samsung,Mobile,Black ,26489,14
Apple,Tabs & Laptops,Silver,54834,12
Skullcandy ,Headphones,Black & Chrome,10844,8
Shure,Headphones,Blue,73588,8
Apple,Powerbank,White,14609,5
HP,Tabs & Laptops,Turbo Silver,59569,11
Lenovo,Tabs & Laptops,Black ,38589,16
Lenovo,Tabs & Laptops,Silver,36439,15
Seagate,Powerbank,Black,18389,3
Portronics,Fitness trackers,Black,9088,13
Braun,Fitness trackers,Black,12294,18
Swiss Military,Speakers,White,9014,5
Portronics,Powerbank,Black,24259,4
Samsung,TV,Silver,300748,18
Master and Dynamic,Headphones,Silver Metal & White Leather,35579,5
Samsung,Mobile,Gold,19079,17
Apple,Tabs & Laptops,Black,87869,16
Beats,Headphones,Flash Blue,23489,7
Portronics,Powerbank,Black & Blue,8639,3
SoundMAGIC,Headphones,Grey & Orange,8578,5
Philips,Headphones,Black,8359,5
Acer,Tabs & Laptops,Black,43688,18
Canon,Camera,Black,71784,14
Samsung,TV,Black,95718,15
Belkin,Mobile,Space Gray,9174,11
Misfit,Fitness trackers,Blue,15084,17
Samsung,TV,Black,30899,10
Hercules DJ,Audio Player,Black,23687,20
Zoook,Speakers,Black,9668,10
Portronics,Tabs & Laptops,Brown,9239,14
Braun,Fitness trackers,Black,13499,17
Portronics,Powerbank,Black,8688,5
SteelSeries,Gaming accessories,Black,9138,18
Apple,Tabs & Laptops,Space Grey,43489,12
Belkin,Mobile,Gray,9044,18
Braun,Fitness trackers,Pink,10479,19
Apple,Tabs & Laptops,Space Grey,44544,17
Samsung,Mobile,White,14479,11
Apple,Mobile,Saddle Brown,10919,13
Urbanears,Headphones,Orange,12588,5
Nikon,Camera,Black,42379,13
Belkin,Powerbank,Gray,8909,4
Apple,Powerbank,White,11819,5
Portronics,Speakers,Brown,9388,5
Skywater,Mobile,Black,9029,13
Speck,Tabs & Laptops,Raspberry Pink ,10984,14
Philips,Fitness trackers,Black,9404,17
Bose,Headphones,Navy Blue,21374,9
Skywater,Powerbank,Red,9589,3
Skywater,Mobile,,8989,11
Logitech,Tabs & Laptops,Red,8309,13
Portronics,Speakers,Red,8488,5
Lowepro,Camera,Black,9404,16
LG,Mobile,Gold,19789,16
Panasonic,Fitness trackers,White & Blue,8239,12
Philips,Fitness trackers,Black & Purple,9244,11
Philips,Speakers,Grey,8886,7
Braun,Fitness trackers,Black & Blue,9734,13
Zoook,Speakers,Black,8748,6
Intex,Speakers,Black,9284,6
Philips,Fitness trackers,Pink,9804,15
Razer,Gaming accessories,Black,17328,17
Pennline,Mobile,Black,9584,15
Swiss Military,Powerbank,Red,9274,5
Apple,Powerbank,White,10829,3
B&O Play,Speakers,Light Grey & White,107579,9
Lowepro,Camera,Black,9089,18
Lenovo,Tabs & Laptops,Black ,31089,16
Samsung,Speakers,Black,39184,9
That Company Called IF,Powerbank,Blue,8739,5
Fitbit,Fitness trackers,Black,24588,12
Sony,Mobile,Pink,26439,10
ASUS,Tabs & Laptops,Black Metal,107074,19
Canon,Camera,Black,97584,11
That Company Called IF,Powerbank,Black,8579,4
That Company Called IF,Powerbank,Cream,8739,4
Logitech,Tabs & Laptops,Blue,9734,11
Nikon,Camera,Black,28979,11
Skywater,Powerbank,Black,9669,3
Zoook,Powerbank,White,8569,5
Panasonic,Fitness trackers,Black,9584,15
Master and Dynamic,Headphones,Black Metal & Black Leather,35579,5
Lenovo,Mobile,Grey,20608,17
Samsung,TV,Black,40648,14
UltraProlink,Mobile,Black,8938,11
LG,Mobile,Titan,24579,16
Sony,Headphones,White,10059,6
boAt,Headphones,Black & Blue,8904,5
Canon,Camera,Black,16184,13
Zoook,Powerbank,Black,8784,5
Logitech,Gaming accessories,Black,9379,22
Apple,Powerbank,White,8844,5
Acer,Tabs & Laptops,Black,31749,17
Samsung,Mobile,Black,10229,12
Gamdias,Gaming accessories,Black,8984,20
Speck,Mobile,White & Black,9339,11
Benro,Camera,Black,14599,12
That Company Called IF,Powerbank,Green,8739,3
Samsung,Mobile,Silver,9484,13
UltraProlink,Headphones,Black,9458,5
Samsung,Mobile,Black,14579,18
Sennheiser,Headphones,Black,9834,7
Apple,Tabs & Laptops,Black,71509,18
Panasonic,Fitness trackers,Pink,9994,20
Apple,Mobile,Space Grey,88429,14
SteelSeries,Gaming accessories,Black,24808,17
Anker,Powerbank,WHITE,7948,4
Philips,Headphones,White,10089,9
Lenovo,Tabs & Laptops,Ebony Black,34939,12
That Company Called IF,Powerbank,Beachy Blue,8489,3
Canon,Camera,Black,47584,18
That Company Called IF,Powerbank,Blue,10139,4
Speck,Mobile,Purple & Pool Blue,9339,12
Portronics,Fitness trackers,Black,9639,16
Skullcandy ,Headphones,Black,10029,9
Lowepro,Camera,Purple and grey,11389,11
Sony,Camera,Black,91189,18
Skywater,Mobile,Midnight Blue,9349,15
Lenovo,Tabs & Laptops,Silver,70989,18
Razer,Gaming accessories,Black,23248,16
Sennheiser,Headphones,Green,11334,7
Logitech,Powerbank,Black,10689,5
Samsung,Mobile,White ,26489,14
That Company Called IF,Powerbank,Dark Brown,8489,4
Nikon,Camera,Black,59579,16
Sony,Speakers,Black,36519,5
Gamdias,Gaming accessories,Black,9578,17
Apple,Tabs & Laptops,Rose Gold,53649,14
Apple,Tabs & Laptops,Rose Gold,64694,14
Zoook,Headphones,Black,9088,5
Philips,Fitness trackers,Black,8774,20
Seagate,Powerbank,Red,11864,3
Braun,Fitness trackers,White & Grey,11209,12
Apple,Mobile,Olive Brown,10919,16
JBL,Speakers,Pink,9988,6
SteelSeries,Gaming accessories,Black,18918,19
Withings,Fitness trackers,Shark Grey,20338,13
Bose,Speakers,Black,25649,7
Draco Design,Mobile,Astro Silver ,13864,13
Fenda,Speakers,Black,13579,5
Lowepro,Camera,Black,10154,15
Anker,Speakers,BLACK,10108,8
Samsung,Mobile,Gold,18579,14
Samsung,Speakers,Black,17548,6
Apple,Powerbank,Silver,45219,4
Sony,Headphones,Black,8944,9
Skullcandy ,Headphones,Light Gray,9054,6
Bose,Speakers,Black,26494,9
MSI,Gaming accessories,Black,140578,18
Zoook,Powerbank,Silver,8299,5
Apple,Mobile,Black,13799,15
Zoook,Speakers,Black,10699,5
Dell,Tabs & Laptops,Black,32579,10
Dell,Tabs & Laptops,Blue,52489,17
Marshall,Speakers,Brown,39028,6
Portronics,Fitness trackers,Black,8739,11
Apple,Audio Player,Pink,11634,20
Beats,Headphones, Red,28339,8
Zoook,Powerbank,Black,8169,3
Accutone,Headphones,Silver,22279,5
Samsung,Mobile,White,10329,16
HP,Tabs & Laptops,Black ,35379,19
Bose,Headphones,Silver,35479,9
Sony,Audio Player,Black,24089,21
Apple,Tabs & Laptops,Rose Gold ,123419,15
Logitech,Tabs & Laptops,Black,8309,10
Acer,Tabs & Laptops,Midnight Black Color,28578,18
Acer,Tabs & Laptops,Black,46588,11
Skywater,Mobile,Black,9349,17
Logitech,Tabs & Laptops,Red,8629,17
Fitbit,Fitness trackers,Blue,30588,12
That Company Called IF,Powerbank,Black,10139,3
Sol Republic,Headphones,Black,11089,10
Sony,Headphones,Black,12189,10
Apple,Powerbank,White,9929,4
Acer,Tabs & Laptops,Black,60964,13
Beats,Headphones, White,37489,8
iBall,Tabs & Laptops,Blue,17409,17
Plantronics,Headphones,Black,9974,7
Shure,Headphones,Black,29888,6
Canon,Camera,Black,127584,13
Apple,Tabs & Laptops,Space Grey,76504,18
Shure,Headphones,Red,47588,9
Misfit,Fitness trackers,Black,15084,14
Sony,Headphones,Black,9649,5
Canon,Camera,Black,486584,16
LG,Mobile,Titanium,19789,16
Lowepro,Camera,Black,12814,15
Acer,Tabs & Laptops,Black,31894,16
SteelSeries,Gaming accessories,Purple,9528,15
Zoook,Headphones,Red,8988,9
Apple,Mobile,Gold,34789,15
Nikon,Camera,Black,225979,15
Beyerdynamic,Headphones,Black and Silver,20594,5
Fenda,Speakers,Black,9979,5
Samsung,TV,Dark Titan,110258,11
Portronics,Headphones,Black,8639,8
Philips,Fitness trackers,Gray,11209,16
Samsung,TV,Black,44874,12
Philips,Speakers,Black,8924,9
Logitech,Gaming accessories,Black,9819,20
TAGG,Headphones,Black,9084,6
Samsung,Mobile,Gold,8869,17
Samsung,TV,Black,48609,11
Michael Kors,Mobile,Silver,14519,12
Lowepro,Camera,Black,8839,12
Plantronics,Headphones,Black,8779,6
Nikon,Camera,Black,64979,11
Beats,Headphones, Black,28339,7
Canon,Camera,Black,49284,10
Belkin,Mobile,Gold,9174,16
B&O Play,Speakers,Polar Blue,47579,10
Apple,Tabs & Laptops,Gold,50649,18
Speck,Tabs & Laptops,Orange ,10984,11
B&O Play,Speakers,True Black,152579,5
ASUS,Tabs & Laptops,Black,26489,14
Braun,Fitness trackers,Black,9129,20
Havells,Fitness trackers,Purple,8599,10
Beyerdynamic,Headphones,Black,12909,10
Nikon,Camera,Black,47579,16
Samsung,Mobile,Gold,26989,17
Zoook,Headphones,Black,8639,5
Apple,Tabs & Laptops,Silver ,64589,10
Marshall,Speakers,Black,30108,5
Samsung,Mobile,White,14579,13
Bose,Headphones,Black,25639,6
Philips,Fitness trackers,White & Pink,9329,14
Sony,Headphones,Black,12384,8
TAGG,Headphones,Silver,8479,10
Beyerdynamic,Headphones,Grey,24274,6
Razer,Gaming accessories,Green,11608,17
Panasonic,Fitness trackers,Pink,8254,10
Lowepro,Camera,Slate Grey,12814,16
Fenda,Speakers,Black,9259,6
boAt,Speakers,Orange,8809,9
Skullcandy ,Speakers,Gray,9869,7
Zoook,Speakers,Black,9924,8
Apple,Tabs & Laptops,Silver,63049,13
Beats,Headphones,Shock Yellow,23489,9
Apple,Mobile,Blue,12539,18
ASUS,Mobile,Gold,18588,12
Canon,Camera,Black,72584,10
Lenovo,Tabs & Laptops,Black ,28589,17
Wahl,Fitness trackers,Cream,8864,18
Philips,Fitness trackers,Pink,8969,16
Philips,Fitness trackers,Gray,8239,20
Apple,Audio Player,Space Grey,32969,21
Plantronics,Headphones,Black,13864,6
Sony,Headphones,Viridian Blue,13184,6
Skywater,Powerbank,Red,8789,3
Monster,Headphones,Midnight Black,20249,7
Targus,Tabs & Laptops,Red,9454,17
ASUS,Mobile,Red,14588,11
Apple,Powerbank,White,10469,5
Logitech,Tabs & Laptops,Black,9579,16
Samsung,Speakers,Black,25379,9
Bose,Headphones,White,25639,8
Misfit,Fitness trackers,Red,16084,17
Apple,Mobile,White,15869,11
Wahl,Fitness trackers,Black,9046,19
LG,Mobile,Black Gold,18479,14
Fossil,Fitness trackers,Pink,14584,15
SteelSeries,Gaming accessories,White,12698,20
Braun,Fitness trackers,Black,11284,18
Sony,Headphones,Pink,8354,8
Lenovo,Tabs & Laptops,Black ,54364,16
Speck,Tabs & Laptops,Harbor Blue,10984,17
Speck,Tabs & Laptops,Grape Purple,10984,19
Accutone,Headphones,Green,9624,9
SteelSeries,Gaming accessories,Black,17468,22
Plantronics,Headphones,Sport Grey,13664,5
boAt,Headphones,Black Glazy,8489,10
Skywater,Mobile,Black,9269,16
Misfit,Fitness trackers,Black,15084,19
Bose,Speakers,Grey,30864,7
Olympus,Camera,Black,34088,10
Dell,Tabs & Laptops,Grey,95579,12
Apple,Mobile,Silver,28489,12
Seagate,Powerbank,Black,13639,5
Urbanears,Headphones,Orange,11789,9
Apple,Tabs & Laptops,Silver ,116579,20
Lenovo,Tabs & Laptops,Black Texture,34489,12
SteelSeries,Gaming accessories,Black,10248,22
Dell,Tabs & Laptops,Black,39894,20
Withings,Fitness trackers,Black,16088,11
Sennheiser,Headphones,Grey & Green,13584,9
Beats,Headphones, Blue,25589,8
Fitbit,Fitness trackers,Black,27588,19
Panasonic,Fitness trackers,White & Lavender ,11084,13
Intex,Speakers,Silver,8489,5
Philips,Headphones,Black,8669,5
That Company Called IF,Powerbank,White,10139,5
Apple,Tabs & Laptops,Space Grey ,101909,11
Lenovo,Tabs & Laptops,Black ,34179,18
Braun,Fitness trackers,Pink,9389,16
Motorola,Headphones,White ,8859,8
Samsung,Tabs & Laptops,Black ,46089,12
ASUS,Tabs & Laptops,Dark brown,41584,12
Lowepro,Camera,Black,8788,18
Zoook,Speakers,Black,8924,10
Skullcandy ,Headphones,Black Gray,8649,8
SoundMAGIC,Headphones,Black,8848,9
Diesel,Fitness trackers,Black,14584,16
Philips,Headphones,White,8669,10
Lenovo,Tabs & Laptops,Black,40989,15
Apple,Powerbank,Silver,12089,5
Sony,TV,Black,55014,18
Nikon,Camera,Black,47579,15
Apple,Tabs & Laptops,Space Grey,53069,15
B&O Play,Headphones,Black,19579,10
Portronics,Headphones,Black,9418,10
Philips,Fitness trackers,Black,10989,17
Logitech,Speakers,Purple,17704,5
Lowepro,Camera,Black,18139,10
UltraProlink,Mobile,Black,9208,11
Plantronics,Gaming accessories,Black,12888,21
boAt,Headphones,Brown,9509,10
ASUS,Mobile,Grey,18588,14
Braun,Fitness trackers,Black & Blue,11799,12
Anker,Powerbank,SPACE GREY,8128,5
Apple,Mobile,Charcoal Grey,12269,17
Apple,Tabs & Laptops,Rose Gold,71509,12
Motorola,Mobile,Fine Gold,23569,17
SoundMAGIC,Headphones,Black & Blue,11088,10
Shure,Headphones,Black & Grey,14088,6
Lowepro,Camera,Black,21174,16
Skywater,Mobile,Black,9669,11
Havells,Fitness trackers,Purple,8989,11
Beats,Headphones, Gray,25589,5
Wahl,Fitness trackers,White ,10980,19
Toshiba,Tabs & Laptops,,57589,11
Speck,Mobile,Red & Black,9339,15
Apple,Tabs & Laptops,Black,63049,11
Urbanears,Headphones,White,11539,5
Sony,Headphones,Yellow,9344,5
Beats,Headphones, Black,19939,6
Apple,Tabs & Laptops,Black,231244,16
Apple,Powerbank,White,9209,4
Draco Design,Mobile,Astro Silver,11399,18
Skullcandy ,Headphones,Black & Red,10844,8
Skywater,Mobile,Red,8869,16
Egate,TV,Black,15254,18
Speck,Tabs & Laptops,Pink,10984,18
Sony,Headphones,Blue,9509,5
Sennheiser,Headphones,Black,15084,7
B&O Play,Speakers,Natural,30579,7
Skywater,Powerbank,Red,11989,3
Samsung,TV,Black,56638,17
Samsung,Mobile,Gold,14479,17
ASUS,Tabs & Laptops,Black,149719,15
Beyerdynamic,Headphones,Grey,24274,10
Razer,Gaming accessories,Black,9758,23
Sony,TV,Black,147084,14
Philips,Headphones,Black,10089,6
Skywater,Powerbank,Silver,8149,5
Plantronics,Headphones,Tan,17949,7
ASUS,Tabs & Laptops,Silver ,28289,14
HP,Tabs & Laptops,Black,36589,17
Philips,Fitness trackers,Multi,10404,19
Skywater,Powerbank,Brown,9669,4
Nikon,Camera,Black,21879,15
Xolo,Mobile,Nile Blue,11818,13
SteelSeries,Gaming accessories,Multicolor,11698,16
Michael Kors,Fitness trackers,Black,16584,14
Sony,TV,Black,119184,11
Speck,Mobile,Pink & Black,9339,12
Nikon,Camera,Black,14679,15
Monster,Headphones,Black,24994,9
Sony,Headphones,Red,8619,7
Nikon,Camera,Purple,21879,12
Lenovo,Mobile,Black,12588,16
LG,Headphones,Gold,11439,6
Acer,Tabs & Laptops,Black,38289,15
Plantronics,Headphones,Blue ,13379,10
Speck,Mobile,White & Pebble Grey,9339,12
Skullcandy ,Speakers,Red,9869,9
Razer,Gaming accessories,Green,13588,17
Seagate,Powerbank,Black,17389,3
Apple,Tabs & Laptops,Silver,92314,10
Shure,Headphones,Black,11788,6
Bose,Speakers,Black,18514,10
MSI,Gaming accessories,Camo,132978,16
Tonino Lamborghini,Mobile,Black,142589,15
Samsung,Speakers,Black,26578,8
Sony,Camera,Black,126389,14
Sony,Headphones,Black,8539,8
Apple,Tabs & Laptops,Silver,212879,12
Apple,Powerbank,White,10019,3
ASUS,Mobile,Silver,22588,17
Plantronics,Gaming accessories,Black,11788,20
That Company Called IF,Powerbank,Green,8824,5
Monster,Headphones,Gold,36969,6
Canon,Camera,Black,55084,12
Apple,Mobile,Rose Gold,28489,14
SoundMAGIC,Headphones,Black & Gold,9928,5
Intex,Powerbank,Black & Red,8489,3
Samsung,TV,Dark Titan,141758,17
Dell,Tabs & Laptops,Black,50057,11
B&O Play,Headphones,Black,27579,7
Portronics,Tabs & Laptops,Black,8888,10
Zoook,Speakers,Yellow & Grey,13088,7
Swiss Military,Powerbank,Black,8754,4
Wahl,Fitness trackers,Black,9984,17
Logitech,Powerbank,Gray,12209,3
Havells,Fitness trackers,Black,8909,19
ASUS,Tabs & Laptops,Black,34789,10
Apple,Mobile,Red,10919,11
iBall,Speakers,Black & Blue,9139,6
Braun,Fitness trackers,White,13089,15
Acer,Tabs & Laptops,Black,48201,15
Xolo,Mobile,Latte Gold,14058,17
UltraProlink,Speakers,White,8758,7
Lenovo,Tabs & Laptops,Black,47289,18
Beats,Headphones, Gold,30489,8
Anker,Powerbank,WHITE,9118,5
Lenovo,Tabs & Laptops,Black,39479,13
Fenda,Speakers,Black,10139,8
iBall,Speakers,Black,10589,5
Shure,Headphones,Black,43888,7
MSI,Gaming accessories,Black,277579,15
Sony,Powerbank,Black,11589,5
Samsung,TV,Indigo Black,77588,17
LG,Headphones,Red,11439,10
Skullcandy ,Headphones,Swirl Gray Red,8649,9
Portronics,Headphones,Blue,8388,10
Targus,Tabs & Laptops,Black,9689,11
Apple,Mobile,Blue,9479,16
Ergo Health,Tabs & Laptops,Silver ,9988,13
Hidesign,Tabs & Laptops,Black,8984,11
Skullcandy ,Headphones,White & Gray,8809,10
Philips,Fitness trackers,White,8119,13
Philips,Fitness trackers,Purple & Black,9964,18
Plantronics,Headphones,Black ,13784,5
Apple,Powerbank,White,10829,4
Lenovo,Tabs & Laptops,Black ,34909,10
Skywater,Mobile,Midnight Blue,9589,14
UltraProlink,Tabs & Laptops,White,9578,20
Sony,Speakers,Black,13739,6
Apple,Powerbank,White,8849,5
Apple,Tabs & Laptops,Silver,32789,10
Xolo,Mobile,Black,11818,18
Logitech,Tabs & Laptops,Black,8629,19
Beyerdynamic,Headphones,Black,12404,5
SoundMAGIC,Headphones,Black & Red,11088,7
House Of Marley,Headphones,Solid Black,8538,10
Anker,Powerbank,GOLDEN,8128,3
Accutone,Headphones,Black,9849,9
Gamdias,Gaming accessories,Black,9184,17
iBall,Tabs & Laptops,Beige,19839,17
Draco Design,Mobile,White,9834,10
Philips,Speakers,White,9014,6
Motorola,Mobile,Black,19809,17
Philips,Fitness trackers,Black,8874,19
iBall,Tabs & Laptops,Blue,14889,17
Skullcandy ,Speakers,Black,9869,7
Speck,Tabs & Laptops,Clear,10984,20
Motorola,Headphones,Black,10639,9
Seagate,Powerbank,Red,13839,3
Portronics,Powerbank,White,13339,3
Zoook,Headphones,Black,8488,6
Shure,Powerbank,Grey & Black,17588,3
Apple,Powerbank,White,9209,4
Belkin,Mobile,Gold,9044,12
Intex,Powerbank,White,8789,5
Sennheiser,Headphones,Black,13584,7
Zoook,Speakers,Black,9488,9
Apple,Powerbank,White,16049,3
SteelSeries,Gaming accessories,Red,9528,20
Samsung,Mobile,Black,8874,13
UltraProlink,Headphones,Green,9458,7
Intex,Speakers,Black,8779,5
Draco Design,Mobile,Champagne Gold,11399,10
Samsung,TV,Silver,300748,16
Logitech,Tabs & Laptops,Red,8264,16
boAt,Mobile,Black,8519,12
Philips,Speakers,Green,8788,6
iBall,Headphones,Red & Black,8489,8
Panasonic,Fitness trackers,Blue,8214,18
Skullcandy ,Headphones,Black,8809,8
Google,Mobile,Quite Black,60969,17
Canon,Camera,Black,57584,14
Beats,Headphones, White,31189,5
Skywater,Headphones,Black,11989,9
That Company Called IF,Powerbank,Purple,8739,3
Zoook,Powerbank,White,7949,4
HP,Tabs & Laptops,Silver,69569,20
SanDisk,Powerbank,Black,9609,5
Lenovo,Tabs & Laptops,Black,31029,16
Apple,Tabs & Laptops,Gold,62109,17
Apple,Mobile,Red,68879,13
Braun,Fitness trackers,Silver,25189,20
Speck,Mobile,Black,9164,11
Ergo Health,Mobile,Silver & Black,8788,11
Logitech,Gaming accessories,Black,8964,21
Aftershokz,Headphones,Black,16588,6
SteelSeries,Gaming accessories,Grey,14468,18
SoundMAGIC,Headphones,Black & Gold,12088,9
Draco Design,Mobile,Ducati Black,9834,15
Samsung,Mobile,Blue Black,9819,13
Apple,Powerbank,White,9839,5
ASUS,Mobile,Gold,14588,16
Anker,Speakers,PINK,9388,6
Zoook,Headphones,Silver,9338,7
Logitech,Speakers,Red,13184,7
Apple,Mobile,Silver,98214,16
Draco Design,Mobile,Ducati Corse,9834,17
Accutone,Headphones,Pink,9849,10
Canon,Camera,Black,39584,11
Panasonic,Fitness trackers,Black,8574,13
ASUS,Tabs & Laptops,Red,50389,10
Apple,Audio Player,Blue,24979,18
Portronics,Powerbank,White,8388,3
Skullcandy ,Headphones,Black,16589,9
B&O Play,Speakers,Silver,107579,6
ASUS,Mobile,Blue,14588,17
Apple,Powerbank,White,9209,4
Zoook,Powerbank,Gold,8294,3
Apple,Powerbank,Black,9299,5
Zoook,Powerbank,Black,8124,3
ASUS,Mobile,Blue,16588,12
Neopack,Tabs & Laptops,Tan,9838,11
Bose,Speakers,White,61984,5
SteelSeries,Gaming accessories,Multicolor,8918,16
Sony,Headphones,Black,30289,7
Philips,Fitness trackers,Black & Blue,10749,15
Sony,Camera,Black,56709,16
Benro,Camera,Black,14344,11
iBall,Speakers,Black,13484,7
Plantronics,Headphones,Black,9319,6
Zoook,Headphones,Black,9688,10
Sony,Headphones,Black,13984,7
LG,Headphones,White,10979,6
Zoook,Headphones,Black,8238,9
Logitech,Headphones,White,8434,7
Shure,Headphones,Black,20488,10
Lenovo,Tabs & Laptops,Silver,53089,14
Apple,Headphones,White,19199,6
Draco Design,Mobile,Astro Silver,11174,12
Lowepro,Camera,Purple and grey,11049,18
That Company Called IF,Powerbank,Red,8739,5
Olympus,Camera,Black,12488,14
Shure,Powerbank,Grey & Black,20588,4
boAt,Speakers,Black,8809,5
Lenovo,Tabs & Laptops,Black ,38089,18
Belkin,Powerbank,Rose Gold,8909,4
Draco Design,Mobile,Meteor Black,13864,14
ASUS,Tabs & Laptops,Black ,39089,18
SteelSeries,Gaming accessories,Black,12698,23
Samsung,TV,Black,27789,13
Garmin,Fitness trackers,Frost Blue,23579,19
Apple,Powerbank,White,10829,4
Ergo Health,Tabs & Laptops,White,8588,14
Beats,Headphones, Gold,31189,8
Lenovo,Tabs & Laptops,Black,53599,12
Samsung,Mobile,Silver,15679,13
UltraProlink,Mobile,Black,9028,13
Fenda,Speakers,Black,17329,10
Urbanears,Headphones,Orange,10388,7
Braun,Fitness trackers,White,8594,20
iBall,Headphones,Black,9114,8
Neopack,Tabs & Laptops,Black,9838,14
Samsung,Headphones,Black,8788,6
Speck,Tabs & Laptops,Sunrise Pink  ,10984,20
Samsung,TV,Black,34358,16
SoundMAGIC,Headphones,Black & Gold,11088,8
Motorola,Mobile,Light Canvas,8124,13
Bose,Speakers,Blue,18514,8
Dell,Tabs & Laptops,Black,44038,17
ASUS,Mobile,Silver,18588,11
B&O Play,Headphones,Black,18579,10
Plantronics,Headphones,Black,10069,8
Beats,Speakers,White,25489,9
Apple,Mobile,Space Grey,92139,17
Philips,Fitness trackers,Blue & Black,8394,17
Plantronics,Headphones,Black Core,13664,10
SteelSeries,Gaming accessories,Black,12138,20
Portronics,Speakers,Black,8814,5
Monster,Headphones,Black,18439,6
Belkin,Powerbank,Black,9489,4
Apple,Powerbank,White,17219,3
Sennheiser,Headphones,Black,16209,7
Canon,Camera,Black,14784,11
Fitbit,Fitness trackers,Blue,30588,10
Anker,Powerbank,RED,8938,5
Zoook,Powerbank,Black,7899,5
Beats,Headphones, Space Grey,31189,8
Lowepro,Camera,Black,9229,14
Logitech,Powerbank,Black,11374,3
Razer,Gaming accessories,Black,12428,18
Targus,Powerbank,Black,8959,3
Nikon,Camera,Black,57879,15
Fitbit,Fitness trackers,Black,24588,15
Bose,Speakers,Black,55574,6
Apple,Mobile,Space Grey,76209,14
Intex,Powerbank,White,8489,5
Apple,Tabs & Laptops,Space Grey,64694,14
Fossil,Fitness trackers,Black,14584,14
Logitech,Speakers,Black,11854,5
Fenda,Speakers,Black,9354,10
Speck,Tabs & Laptops,Malachite Green,10984,11
B&O Play,Headphones,Deep Red,22579,8
Plantronics,Headphones,Stealth Green,13664,9
Acer,Tabs & Laptops,Black,25769,10
Sony,Speakers,Black,52939,5
Panasonic,Fitness trackers,Black,9099,18
Beats,Headphones, Black,30489,8
Anker,Powerbank,RED,7898,3
Anker,Speakers,BLACK,11188,10
Skywater,Powerbank,Red,9029,4
Samsung,TV,Dark Black,83998,13
Samsung,Tabs & Laptops,White ,19489,15
B&O Play,Headphones,Gunmetal Grey ,27579,9
boAt,Headphones,White Glazy,8489,10
Razer,Gaming accessories,Black,14588,20
Plantronics,Headphones,Black,11509,7
Seagate,Powerbank,Blue,11864,5
HP,Tabs & Laptops,Black ,31589,20
Apple,Powerbank,White,9299,5
Skullcandy ,Headphones,White & Chrome,10844,10
Skywater,Powerbank,Red,10789,5
Intex,Powerbank,White,8029,4
Logitech,Speakers,Black,19894,10
Braun,Fitness trackers,White,11054,18
Samsung,Mobile,Gold,9484,16
Anker,Powerbank,GOLDEN,8938,4
Lenovo,Mobile,Silver,20608,12
Seagate,Powerbank,White,11864,3
Draco Design,Mobile,Ducati Monster 821,9834,13
Apple,Mobile,Black,11279,10
Fitbit,Fitness trackers,Black,24588,10
Nikon,Camera,Purple,14679,10
Michael Kors,Mobile,Olive,13377,10
Apple,Mobile,Silver,76209,17
Marshall,Speakers,Black,29258,7
Braun,Fitness trackers,White,11909,12
CAT,Mobile,Black,57588,11
Philips,Speakers,Black,11414,10
Lenovo,Tabs & Laptops,Grey,40089,19
Plantronics,Headphones,Grey,9499,6
Braun,Fitness trackers,Black,13209,12
Sony,Speakers,Black,20189,7
Braun,Fitness trackers,Black,11514,20
Samsung,Mobile,Black ,58489,11
Sony,Speakers,Black,14489,10
HP,Tabs & Laptops,Natural Silver,55024,19
Skullcandy ,Headphones,Swirl Cool Gray,9054,7
Dell,Tabs & Laptops,Silver,75477,18
Panasonic,Fitness trackers,Black,9809,17
Razer,Gaming accessories,Black,15038,18
SteelSeries,Gaming accessories,Black,10808,19
LG,Mobile,Brown,24579,11
B&O Play,Headphones,"Black, Pink",26489,6
Philips,Headphones,White,10174,10
Skywater,Mobile,Red,9189,11
Braun,Fitness trackers,"White, Blue",11189,11
Wahl,Fitness trackers,Silver,8940,13
Apple,Powerbank,White,14699,4
Acer,Tabs & Laptops,Black,26579,15
TAGG,Headphones,Red,9084,6
Sony,Speakers,Blue,10739,9
Portronics,TV,Black,29588,12
Lenovo,Tabs & Laptops,Black Texture,34919,14
Benro,Camera,Black,12234,11
Apple,Powerbank,White,14609,3
MSI,Gaming accessories,Black,127579,17
Logitech,Headphones,Sky Blue,8434,5
Bose,Headphones,Red,17099,6
Panasonic,Fitness trackers,Pink,8284,15
Sony,Headphones,Black,11589,6
Beats,Headphones, Gloss Black,30489,6
ASUS,Tabs & Laptops,Gold,55904,16
Apple,Tabs & Laptops,Space Grey ,49864,14
Aftershokz,Headphones,Green,18148,8
Dell,Tabs & Laptops,Black,84823,15
Targus,Powerbank,Black,10634,5
Fenda,Speakers,Black,18329,7
JBL,Headphones,White ,12388,6
Anker,Powerbank,RED,8218,4
MSI,Gaming accessories,Black,92579,23
Braun,Fitness trackers,Black,8894,14
Master and Dynamic,Headphones,Gunmetal,18288,10
Intex,Powerbank,Black,8464,5
Speck,Tabs & Laptops,Absinthe Green ,10984,11
Acer,Tabs & Laptops,Midnight Black,27689,20
Misfit,Fitness trackers,Gold,15084,16
Apple,Audio Player,Gold,32969,18
Portronics,Speakers,Black,9788,9
Havells,Fitness trackers,Ink Blue,8754,11
Lenovo,Tabs & Laptops,Black ,40589,11
Lenovo,Mobile,Black,18586,18
Motorola,Powerbank,Black,11334,4
Logitech,Tabs & Laptops,Blue,8209,10
Portronics,Powerbank,Black,8388,5
Logitech,Speakers,Red,11854,8
Samsung,Mobile,Blue Black,8679,16
Logitech,Tabs & Laptops,Red,8219,20
Lenovo,Tabs & Laptops,Black,72889,15
Braun,Fitness trackers,Black,10769,15
Lenovo,Tabs & Laptops,Black Texture,32489,10
iBall,Headphones,Black,8789,10
Lenovo,Tabs & Laptops,Black,27589,13
Apple,Audio Player,Silver,20469,17
Samsung,Tabs & Laptops,Black ,19489,10
Accutone,Headphones,Yellow,9849,5
ASUS,Tabs & Laptops,Black Aluminum,154579,18
Apple,Tabs & Laptops,Silver ,90839,19
Braun,Fitness trackers,Black,11789,16
Samsung,TV,Indigo Black,61048,18
Samsung,Mobile,Black,8344,16
Samsung,Mobile,Gold,15589,14
Lenovo,Gaming accessories,Black,155679,21
SteelSeries,Gaming accessories,White,10418,18
Motorola,Headphones,Black,12089,7
That Company Called IF,Powerbank,Blue,8579,3
Apple,Audio Player,Gold,11634,20
Acer,Tabs & Laptops,Black,33994,19
Razer,Gaming accessories,Black,20538,21
Logitech,Gaming accessories,Black,12499,15
Benro,Camera,Black,17299,13
Marshall,Speakers,Cream,39028,8
Portronics,Headphones,Black,8388,10
ASUS,Mobile,White,17088,17
ASUS,Tabs & Laptops,Black,22989,16
Sol Republic,Headphones,Lemon Lime,14089,6
Lenovo,Tabs & Laptops,Silver,97254,14
Acer,Tabs & Laptops,Black,39589,18
ASUS,Mobile,Grey,17588,10
Plantronics,Headphones,Black ,11879,6
Samsung,Mobile,Gold,10054,11
Samsung,Tabs & Laptops,Gold,46089,13
Portronics,Powerbank,White & Red ,8688,4
ASUS,Mobile,Pink,17588,16
SoundMAGIC,Headphones,Black,8898,8
Lenovo,Tabs & Laptops,Gold,87089,12
Apple,Mobile,Black,77529,11
Sony,Mobile,Black,36579,12
Lowepro,Camera,Black,8688,11
Sony,Speakers,Black,60589,5
Apple,Mobile,Gold,29989,17
Logitech,Mobile,Black,9784,12
SteelSeries,Gaming accessories,Black,10028,18
Nikon,Camera,Black,43679,14
Apple,Tabs & Laptops,Space Grey,50649,12
Fenda,Speakers,Teal,8679,7
Logitech,Headphones,Black,9214,8
Panasonic,Fitness trackers,Dark Pink,9514,19
Apple,Mobile,Azure,10739,11
UltraProlink,Speakers,Black,10988,8
Samsung,TV,Dark Titan,102489,16
Apple,Tabs & Laptops,Gold ,123419,10
Skywater,Powerbank,Black,8949,3
Braun,Fitness trackers,"Black, Blue",17804,18
Portronics,Powerbank,White,10188,3
SteelSeries,Gaming accessories,Black,13248,16
Samsung,TV,Dark Titan,44938,10
Apple,Powerbank,White,9569,5
Benro,Camera,Black,12614,14
Lenovo,Tabs & Laptops,Gun Metal,90489,14
Apple,Mobile,Saddle Brown,11819,18
Lowepro,Camera,Black,11284,16
Targus,Tabs & Laptops,Black,9049,14
Xolo,Mobile,Latte Gold,13578,12
Zoook,Speakers,Black,9288,7
Braun,Fitness trackers,"Black, Blue",12089,14
Dell,Tabs & Laptops,Black,41588,13
Draco Design,Mobile,Flare Red,11174,15
Anker,Powerbank,RED,8128,5
Fitbit,Fitness trackers,Plum,20588,11
Samsung,TV,Dark Titan,258248,17
Samsung,Mobile,Gold,13379,18
Sony,Headphones,Cinnabar Red,13184,9
Braun,Fitness trackers,White,14569,15
Apple,Powerbank,White,37379,5
Canon,Camera,Black,16884,10
Philips,Headphones,Orange,8839,8
Skywater,Mobile,Gold,9829,13
Samsung,Speakers,Black,12649,7
iBall,Tabs & Laptops,Black,11029,16
Gamdias,Gaming accessories,Black,8698,20
Skywater,Mobile,Black,9589,13
ASUS,Mobile,Black,16588,15
Logitech,Gaming accessories,Black,10859,16
Apple,Mobile,Red,87869,17
Braun,Fitness trackers,Black,11244,17
Samsung,Mobile,Black,9019,14
Zoook,Powerbank,Black,9534,3
ASUS,Tabs & Laptops,White,23569,10
Philips,Headphones,Blue,10259,9
Samsung,Mobile,Black,8549,12
Fitbit,Fitness trackers,Black & Gunmetal,27579,14
Targus,Mobile,Black,8309,7
Apple,Tabs & Laptops,Space Grey,40794,11
ASUS,Tabs & Laptops,Black,62579,14
Anker,Powerbank,BLACK,9838,3
Zoook,Speakers,Black,9388,9
Sony,Speakers,Black,15889,8
Urbanears,Headphones,Brown,10388,7
Sony,Camera,Black,117589,18
Apple,Mobile,Silver,29989,12
Anker,Powerbank,BLACK,8258,5
Anker,Powerbank,BLACK,8488,4
Skywater,Mobile,Black,9669,17
Intex,Powerbank,Black,8689,3
SteelSeries,Gaming accessories,Black,14088,20
Vifa,Speakers,Anthracite Grey,67588,9
Anker,Powerbank,WHITE,9838,5
Seagate,Powerbank,Silver,18389,5
Portronics,Speakers,Black,9339,7
Philips,Fitness trackers,Black,8394,19
ASUS,Tabs & Laptops,Black,101589,17
Portronics,Powerbank,Black & Black,8488,5
Intex,Speakers,Black,9674,10
Lowepro,Camera,Black,16614,10
Apple,Powerbank,White,8489,4
Apple,Mobile,Space Grey,34089,16
Sol Republic,Headphones,Black & White,14089,5
Logitech,Tabs & Laptops,Red,9289,20
Apple,Tabs & Laptops,Space Grey,82454,16
Samsung,Mobile,Black,9819,16
HP,Tabs & Laptops,Silver,42589,20
Zoook,Headphones,Black,8588,7
Sony,TV,Black,184284,18
Philips,Fitness trackers,Black & Orange,9959,16
Braun,Fitness trackers,Black,10014,19
SteelSeries,Gaming accessories,Black,8318,17
Lenovo,Tabs & Laptops,White,39444,18
Samsung,Mobile,White,8294,12
SteelSeries,Gaming accessories,White,11028,18
Egate,TV,White,48089,13
UltraProlink,Mobile,White,8938,13
Samsung,Mobile,Gold,8679,16
Portronics,Speakers,Black,11909,6
Lowepro,Camera,Black,12119,13
Logitech,Tabs & Laptops,Black,8289,19
Beats,Headphones, Blue,37489,7
Sony,Speakers,Red,16239,8
Sony,Headphones,Black,9509,9
Philips,Headphones,Lime,8589,9
Apple,Tabs & Laptops,Silver,87869,18
Samsung,Speakers,Black,25568,5
Samsung,Mobile,Pink Gold,8799,17
Beyerdynamic,Headphones,Grey,68789,6
Fenda,Speakers,Black,13879,7
B&O Play,Headphones,Grey Hazel,45089,7
Aftershokz,Headphones,Neon,16588,5
Justanned,Tabs & Laptops,Black,9144,19
Samsung,Mobile,Black,8639,15
Benro,Camera,Black,19409,16
Speck,Mobile,White & Black,9339,10
Apple,Audio Player,Pink,20469,19
Sony,Mobile,Rose Gold,21899,16
Speck,Tabs & Laptops,Hotlips Pink ,10984,14
B&O Play,Headphones,Natural,27579,10
Beats,Headphones, Red,16089,5
Apple,Tabs & Laptops,Space Grey ,76319,11
Bose,Speakers,Pearl,22979,9
SoundMAGIC,Headphones,Black,9348,10
Beyerdynamic,Headphones,Black,16889,8
Beats,Headphones, Silver,30489,8
Anker,Powerbank,SPACE GREY,8938,4
Egate,TV,Black,15809,13
Anker,Powerbank,GOLDEN,9118,4
Panasonic,Speakers,Black,11288,8
B&O Play,Headphones,White,19579,9
Logitech,Gaming accessories,Black,9389,22
Panasonic,Fitness trackers,Violet,8474,19
Skywater,Mobile,Red,9269,12
Apple,Audio Player,Space Grey,11634,21
Samsung,Mobile,Black,8344,18
Shure,Powerbank,Grey & Black,18088,3
Apple,Tabs & Laptops,Space Grey,54834,13
Canon,Camera,Black,54584,13
Samsung,Speakers,Silver,33358,9
Philips,Fitness trackers,Purple,8274,13
Portronics,Speakers,Blue,9339,6
Beats,Headphones, Red,25589,6
Lenovo,Tabs & Laptops,Grey,35289,18
Targus,Tabs & Laptops,Grey,9689,14
Samsung,TV,Silver,275248,18
Havells,Fitness trackers,Gold,9689,14
Anker,Powerbank,GOLDEN,8218,5
Plantronics,Headphones,White,10344,8
Accutone,Headphones,Black,11544,10
Razer,Gaming accessories,Black,14908,22
Canon,Camera,Black,93584,11
ASUS,Tabs & Laptops,Gold,52224,17
Motorola,Headphones,Blue,8429,5
Acer,Tabs & Laptops,Black,30624,17
Portronics,Headphones,White,8388,10
Sony,TV,Black,70824,11
Apple,Mobile,Space Grey,108024,17
SteelSeries,Gaming accessories,Black,10528,21
Philips,Headphones,Orange,8589,7
Skullcandy ,Headphones,White,11659,6
Belkin,Powerbank,Black,9288,3
Canon,Camera,Black,169584,17
Razer,Gaming accessories,Black,9758,23
Panasonic,Fitness trackers,Blue,8579,15
Braun,Fitness trackers,Black,21449,12
That Company Called IF,Powerbank,Purple,8579,5
Apple,Audio Player,Pink,24979,15
Portronics,Powerbank,Black,9988,4
Shure,Powerbank,Black,16388,4
Tp- Link,Powerbank,White,9479,4
Dell,Tabs & Laptops,Grey,78224,16
Wahl,Fitness trackers,White & Black,10679,13
Lenovo,Mobile,Black,20578,16
Sony,Speakers,Black,27204,7
Canon,Camera,Black,28584,14
Samsung,Mobile,Black ,18579,17
Nikon,Camera,Silver,12479,15
Apple,Tabs & Laptops,White,14429,20
Monster,Headphones,Cherry Red,20249,7
Apple,Audio Player,Gold,25359,20
Skullcandy ,Speakers,Black,11089,10
SteelSeries,Gaming accessories,Black,12138,16
Portronics,Headphones,Black,9239,10
Sol Republic,Speakers,Red,14339,6
Panasonic,Fitness trackers,Violet,8439,20
Garmin,Fitness trackers,Black/Blue,17579,15
That Company Called IF,Powerbank,Red,8739,5
Logitech,Tabs & Laptops,Black,11389,13
Draco Design,Mobile,Champagne Gold,11174,17
Dell,Tabs & Laptops,Grey,82579,20
Apple,Tabs & Laptops,Space Grey ,183809,10
Canon,Camera,Black,279584,12
Master and Dynamic,Headphones,Silver Metal & White Leather,40359,10
Philips,Fitness trackers,Blue,10909,10
Portronics,Speakers,Black,8488,5
HP,Tabs & Laptops,Black ,41379,17
Canon,Camera,Black,150584,17
Portronics,Powerbank,White,8688,5
Sony,Audio Player,Black,22039,19
Gamdias,Gaming accessories,Black,9228,19
Dell,Tabs & Laptops,Black,63489,17
Targus,Tabs & Laptops,Black,9164,12
ASUS,Tabs & Laptops,Black,27404,10
Sony,Speakers,Green,13739,10
Portronics,Speakers,Grey,9588,9
Michael Kors,Fitness trackers,Gold,17584,17
JBL,Headphones,Black,12288,5
Samsung,Mobile,Gold,39489,16
Portronics,Powerbank,Black,12839,3
Master and Dynamic,Headphones,Gunmetal & Brown'Leather,40359,6
Motorola,Mobile,Starry Black,12939,15
Motorola,Headphones,White,8389,7
Lenovo,Tabs & Laptops,Silver,46044,10
Shure,Headphones,Black,24088,5
Philips,Fitness trackers,Black,8614,15
Braun,Fitness trackers,Gold,28589,16
Bose,Headphones,Black,21374,10
Logitech,Tabs & Laptops,Grey,9289,19
Logitech,Speakers,Black,9239,8
Gamdias,Gaming accessories,Black,8588,17
Skywater,Mobile,Black,9589,12
Wahl,Fitness trackers,Black,8888,10
Sony,Headphones,Red,11984,7
Philips,Fitness trackers,Black,10404,16
Logitech,Speakers,Blue,9239,10
Fitbit,Fitness trackers,Black,13588,20
Lowepro,Camera,Grey,31319,17
Apple,Mobile,Red,79314,11
Bose,Speakers,Red,18514,8
Nikon,Camera,Black,277479,17
SoundMAGIC,Headphones,Black,8258,6
Nikon,Camera,Black,77179,14
Portronics,Speakers,Red,9588,8
Motorola,Headphones,Black,9969,10
Skywater,Headphones,Red,11989,6
B&O Play,Speakers,Moss Green,26089,7
Fitbit,Fitness trackers,Black,8939,13
Samsung,Mobile,Gold,9944,16
Dell,Tabs & Laptops,Black,19039,18
Lenovo,Tabs & Laptops,Silver,41589,19
Google,Powerbank,Black,10574,5
Speck,Mobile,Black & Slate Grey,9339,14
Acer,Tabs & Laptops,Black,40588,20
Bose,Headphones,Black,33239,7
Garmin,Fitness trackers,White,23338,14
Anker,Powerbank,WHITE,8488,5
LG,Mobile,Titan,42579,12
SteelSeries,Gaming accessories,Black,13138,21
Lenovo,Tabs & Laptops,Black ,26989,18
Nikon,Camera,Black,236979,10
Samsung,Speakers,Black,34178,6
Apple,Mobile,Taupe,11639,12
ASUS,Mobile,Black,23588,18
Logitech,Speakers,Violet,13184,10
Wahl,Fitness trackers,Rose Gold & Black,8519,12
Targus,Tabs & Laptops,Black,9454,19
Samsung,Mobile,Gold,10229,15
TAGG,Headphones,Black,10049,10
Plantronics,Headphones,Grey,10344,6
HP,Tabs & Laptops,Black ,34904,20
Anker,Powerbank,SPACE GREY,9118,4
ASUS,Mobile,Blue,17588,15
Apple,Powerbank,Black,13799,5
Plantronics,Headphones,Black,9129,10
Apple,Powerbank,White,13259,5
Philips,Audio Player,Blue,10088,23
Gamdias,Gaming accessories,Black,9078,15
Sony,Headphones,Black,9069,9
That Company Called IF,Powerbank,White,8579,4
Toshiba,Tabs & Laptops,,62589,18
LG,Mobile,Pink,42579,14
Intex,Speakers,Black,8249,5
Portronics,Speakers,Black,8388,5
Master and Dynamic,Headphones,Black,17588,10
Philips,Fitness trackers,Blue,10354,12
Razer,Gaming accessories,Black,17328,20
Zoook,Speakers,Grey,8617,7
Shure,Headphones,Clear,73588,10
Samsung,Mobile,Black ,22079,13
Braun,Fitness trackers,Black & Blue,10844,20
Apple,Tabs & Laptops,Silver,40794,15
Skullcandy ,Headphones,Blue,16589,5
UltraProlink,Tabs & Laptops,Black,8758,16
Philips,Headphones,White,9814,6
Garmin,Fitness trackers,Blue,28579,10
LG,Headphones,White,12439,9
Gamdias,Gaming accessories,Black,8908,18
Razer,Gaming accessories,Blue,9348,23
Canon,Camera,Black,179584,13
Apple,Tabs & Laptops,Gold,39699,16
Anker,Powerbank,BLACK,8488,3
Skywater,Mobile,Midnight Blue,8549,14
Philips,Speakers,Blue,9879,10
Samsung,Mobile,Silver,58489,15
Fitbit,Fitness trackers,Blue,20588,19
Anker,Speakers,GOLDEN,9388,5
Beats,Headphones, Blush Rose,25589,7
Portronics,Tabs & Laptops,Black,8839,12
Philips,Speakers,Black,8674,10
Apple,Mobile,Space Grey,24589,17
Apple,Audio Player,Space Grey,24979,21
Braun,Fitness trackers,Black,8744,17
Hidesign,Tabs & Laptops,Black,9744,20
SoundMAGIC,Headphones,Black,8288,6
Logitech,Tabs & Laptops,Blue,8229,10
Sony,Headphones,Black,15284,9
Ergo Health,Tabs & Laptops,Black,8588,12
Lenovo,Tabs & Laptops,Black Texture,30239,11
Apple,Mobile,Silver,45189,15
Instyler,Fitness trackers,Purple,13888,19
Motorola,Headphones,Black,8799,9
Braun,Fitness trackers,"Grey, Blue",21139,13
Skullcandy ,Headphones,Navy Blue,10924,5
Michael Kors,Mobile,Brown,13377,13
Apple,Mobile,Sapphire,11639,12
Draco Design,Mobile,Graphite Grey,11174,16
Samsung,Tabs & Laptops,Black ,16279,14
Skullcandy ,Headphones,Red,16589,8
Logitech,Gaming accessories,Black & White,9844,15
Plantronics,Headphones,Power Blue,13664,8
Belkin,Mobile,Rose Gold,9044,11
Motorola,Mobile,Red,8124,16
Lenovo,Tabs & Laptops,Black,34834,18
Gamdias,Gaming accessories,Black,8588,20
JBL,Speakers,Black,12288,5
Logitech,Gaming accessories,Black,17484,19
Canon,Camera,Black,277584,11
Belkin,Powerbank,White,15184,3
Zoook,Speakers,Red & black,14389,8
SteelSeries,Gaming accessories,Black,10808,16
Portronics,Speakers,Black,9809,9
Philips,Fitness trackers,Black & White,9199,17
Apple,Mobile,Yellow,10199,10
Sony,Speakers,Black,36589,5
Samsung,Mobile,White ,20489,12
Fitbit,Fitness trackers,Plum,20588,16
Fitbit,Fitness trackers,Black,20588,15
Logitech,Tabs & Laptops,Black,8649,18
Nikon,Camera,Black,38179,13
Bose,Headphones,Navy Blue,21374,7
Philips,Fitness trackers,Lavender,8664,18
Braun,Fitness trackers,White,9589,13
Portronics,Speakers,Black,8739,10
Beyerdynamic,Headphones,Black,10159,10
Apple,Mobile,Charcoal Gray,10919,16
Skywater,Headphones,Black,9789,9
Braun,Fitness trackers,Black,11849,20
SteelSeries,Gaming accessories,Gold,9528,20
Sony,Camera,Black,108789,15
SoundMAGIC,Headphones,Black,8628,8
Withings,Fitness trackers,Silver ,37338,10
FLY FROG ,Tabs & Laptops,Blue,8988,12
Apple,Tabs & Laptops,Gold,32789,14
Sony,TV,Black,109884,11
Logitech,Gaming accessories,Black,11879,20
Panasonic,Fitness trackers,Black,9734,19
ASUS,Tabs & Laptops,Gold,64434,11
Accutone,Headphones,Black,18324,9
Nikon,Camera,Black,47539,16
Logitech,Gaming accessories,Black,12409,23
Skullcandy ,Headphones,Black & Mint,12589,10
Apple,Tabs & Laptops,Space Grey,92314,16
Portronics,Powerbank,White & Black ,8688,3
UltraProlink,Speakers,White,10988,8
SoundMAGIC,Headphones,Orange,8288,5
Withings,Fitness trackers,Black ,22888,10
Speck,Mobile,Black Slate ,9339,10
Acer,Tabs & Laptops,Black,29579,13
Lowepro,Camera,Slate Grey,10099,12
SoundMAGIC,Headphones,Red,10035,10
Braun,Fitness trackers,Black,13074,15
Philips,Headphones,Black,9839,10
SteelSeries,Gaming accessories,Black,8168,18
Master and Dynamic,Headphones,Black,18288,9
B&O Play,Speakers,Black,47579,6
Bose,Headphones,Black,18169,5
Apple,Tabs & Laptops,Silver,53649,12
Sony,Speakers,Black,27089,7
Acer,Tabs & Laptops,Diamond Black,25088,20
Philips,Speakers,Grey,10259,7
SoundMAGIC,Headphones,Black,30388,8
Bose,Headphones,Citron,20199,9
Apple,Mobile,Rose Gold,29989,18
Targus,Tabs & Laptops,Black,8754,16
Apple,Tabs & Laptops,Silver,76504,17
iBall,Tabs & Laptops,Black,8589,10
Fitbit,Fitness trackers,Black,8939,14
Zoook,Headphones,Black,8098,6
HP,Tabs & Laptops,Black ,38799,13
Panasonic,Fitness trackers,Silver  ,9069,17
Razer,Gaming accessories,Black,17588,21
Samsung,Mobile,Black,8744,12
Logitech,Speakers,Blue & Orange,9389,8
Speck,Tabs & Laptops,Harbour Blue ,10984,16
Havells,Fitness trackers,Grey,8829,10
Lenovo,Tabs & Laptops,Silver,63089,18
Philips,Speakers,Blue,10259,9
Michael Kors,Fitness trackers,Black,14584,20
Canon,Camera,Black,17184,14
Philips,Fitness trackers,Purple,9519,17
Apple,Tabs & Laptops,White,14429,20
Accutone,Headphones,Sliver White,18324,7
ASUS,Mobile,Grey ,22588,18
UltraProlink,Mobile,White,10288,11
Benro,Camera,Black,22614,11
Braun,Fitness trackers,White,8594,14
Portronics,Speakers,Black,10288,6
Logitech,Gaming accessories,Black,11464,15
Skullcandy ,Headphones,Swirl Black Mint,8649,7
LG,Mobile,Titanium,20579,17
SteelSeries,Gaming accessories,White,13808,16
Targus,Tabs & Laptops,Orange,9164,18
Nikon,Camera,Gray,9579,11
Sol Republic,Speakers,Green,14339,9
Panasonic,Fitness trackers,Violet,8994,13
Philips,Fitness trackers,Red,8934,19
Sony,Speakers,Blue,13739,5
Apple,Tabs & Laptops,Rose Gold,76504,18
HP,Tabs & Laptops,Red,38079,15
Belkin,Powerbank,Silver,8909,5
Acer,Tabs & Laptops,Black,27579,16
Beats,Headphones, Pink & Grey,25589,6
Logitech,Tabs & Laptops,Grey,8209,16
Sony,Headphones,Charcoal Black,13184,9
Aftershokz,Headphones,Metal Green,16588,5
Bose,Speakers,Black,30864,8
Motorola,Headphones,Black,11089,7
Benro,Camera,Black,15494,13
Lowepro,Camera,Galaxy Blue,12074,15
Acer,Tabs & Laptops,Black,25088,12
Targus,Powerbank,Black,21729,4
Philips,Fitness trackers,Peach,8474,19
Speck,Mobile,White & Charcoal Grey,9339,16
UltraProlink,Powerbank,Black,8628,3
Fitbit,Fitness trackers,Blue,20588,19
ASUS,Mobile,Black,16588,15
Beats,Headphones, Black,15489,5
Havells,Fitness trackers,Blue,9689,20
Speck,Mobile,Pink,9339,13
Motorola,Headphones,Black,9624,10
Skullcandy ,Headphones,Swirl Gray,10924,8
Zoook,Headphones,Black,8828,10
ASUS,Tabs & Laptops,Black,87174,15
Marshall,Speakers,Cream,29258,7
Xolo,Mobile,Black & Gunmetal,13578,15
Dell,Tabs & Laptops,Grey,80459,10
Shure,Headphones,Black,10988,5
Aftershokz,Headphones,Grey,18148,5
SoundMAGIC,Headphones,Black & Blue,12088,5
HP,Tabs & Laptops,Black,116369,17
Monster,Headphones,Orange,20249,5
Logitech,Speakers,Black,31774,8
Apple,Tabs & Laptops,Gold,53999,15
SoundMAGIC,Headphones,Red,8358,7
Logitech,Speakers,Black & White,8229,9
Portronics,Speakers,Black,10839,5
Apple,Tabs & Laptops,Space Grey ,116579,13
SteelSeries,Gaming accessories,Green,9528,16
Samsung,Mobile,Black ,23489,15
Sony,Headphones,Black,10059,7
Samsung,Tabs & Laptops,Black ,24089,14
Sol Republic,Headphones,Horizon Blue,14089,8
boAt,Mobile,Silver,8149,18
TAGG,Headphones,Black,9744,6
Draco Design,Mobile,Ducati White,9834,13
Beats,Headphones, Gloss White,30489,9
Dell,Tabs & Laptops,Black,39614,11
Vifa,Speakers,Anthracite Grey,47588,8
Motorola,Powerbank,Black,9819,3
Bose,Speakers,Black,39544,9
Samsung,Mobile,Black,8188,15
Shure,Headphones,Grey,11088,5
Plantronics,Headphones,Black,9559,7
Portronics,Headphones,White,8748,5
Samsung,Mobile,Blue Black,8799,13
Zoook,Powerbank,Black,8474,3
Sennheiser,Headphones,Black Chrome,12834,6
Samsung,Mobile,Gold,9689,15
Philips,Fitness trackers,Black,10004,20
Canon,Camera,Black,291584,15
HP,Tabs & Laptops,Black,106339,17
Bose,Speakers,White,39544,9
Garmin,Fitness trackers,Black/White,30579,17
Beats,Headphones, Rose Gold,30489,5
Canon,Camera,White & Black,163584,17
Speck,Mobile,Pink,9339,18
Beats,Headphones, Silver,16089,9
Beats,Headphones, White,25589,9
Plantronics,Headphones,Black,9559,7
Samsung,Mobile,Black ,21079,12
Logitech,Speakers,Blue,11854,5
Intex,Speakers,Black,9379,10
Skullcandy ,Headphones,White,10029,7
Sony,Mobile,Gold,36579,16
Logitech,Camera,Black,10289,17
Accutone,Headphones,White,9849,10
Apple,Tabs & Laptops,Silver,49864,10
Panasonic,Fitness trackers,White  ,9514,18
Shure,Headphones,Bronze,40488,8
Lenovo,Tabs & Laptops,Silver,60989,13
Skywater,Headphones,Red,9989,7
Braun,Fitness trackers,Black,9809,12
Lenovo,Tabs & Laptops,Silver,58589,12
That Company Called IF,Powerbank,Orange,10139,3
boAt,Headphones,Black & Red,8904,7
Acer,Tabs & Laptops,Black,39588,20
UltraProlink,Headphones,Blue,9458,6
Beats,Headphones, Pink,25589,7
Portronics,Headphones,Black,8739,10
Skywater,Mobile,,9509,13
Lenovo,Tabs & Laptops,Red,56439,15
Samsung,TV,Silver,175508,18
Portronics,Powerbank,White,8488,3
Garmin,Fitness trackers,Lime Light,23579,16
Tp- Link,Powerbank,Blue,10164,3
Razer,Gaming accessories,Black,15188,23
Canon,Camera,Black,54584,11
Canon,Camera,Black,17184,12
Urbanears,Headphones,Purple,11789,7
Lenovo,Tabs & Laptops,Black,55954,20
Beats,Headphones, Space Grey,16089,6
Portronics,Headphones,Black,8844,7
Panasonic,Speakers,Black,14509,5
Braun,Fitness trackers,Silver,8744,17
That Company Called IF,Powerbank,Pink,10139,5
Apple,Audio Player,Pink,25359,22
Speck,Mobile,Graphite,9164,15
Sony,Headphones,Red,9649,9
Lenovo,Mobile,Gold,20608,13
SteelSeries,Gaming accessories,Black,11028,16
SanDisk,Powerbank,Black,13439,4
Speck,Mobile,White & Grey,9339,10
Lenovo,Tabs & Laptops,Black,54109,12
Portronics,Speakers,Grey,9388,7
SteelSeries,Gaming accessories,Green,10418,17
Philips,Fitness trackers,Purple,8994,16
Seagate,Powerbank,Red,18389,3
Apple,Powerbank,White,13529,3
ASUS,Tabs & Laptops,Matt Dark Blue,51779,12
Samsung,Mobile,Black,9689,10
Braun,Fitness trackers,Blue,14589,15
SteelSeries,Gaming accessories,Black,13808,18
Apple,Tabs & Laptops,Gold,40794,15
Braun,Fitness trackers,Black,9629,13
Apple,Powerbank,White,9839,5
Belkin,Mobile,Rose,9044,16
Sony,Headphones,Red,9699,7
Zoook,Headphones,Black,8509,9
Sony,Mobile,Warm Silver,54589,18
Plantronics,Headphones,Black,22889,10
Portronics,Speakers,Red,8388,7
Logitech,Speakers,Pink & Yellow,9389,5
Apple,Tabs & Laptops,Black,62109,14
Logitech,Speakers,Blue,12979,10
Canon,Camera,Black,40754,13
Beats,Headphones, Pink,16089,8
Zoook,Speakers,Black,9588,8
Portronics,Powerbank,White & Blue ,8688,4
Targus,Powerbank,Black,9329,4
Beats,Headphones, Blue,31189,10
Apple,Mobile,Gold,77529,18
Fenda,Speakers,Black,11188,10
Samsung,Tabs & Laptops,White ,16279,13
MSI,Gaming accessories,Black,97579,15
Logitech,Tabs & Laptops,Black & Blue,9009,10
Samsung,Mobile,Black,8799,13
Nikon,Camera,Black,90279,15
Razer,Gaming accessories,Black,12288,18
Nikon,Camera,Red,12479,12
Apple,Powerbank,White,11639,4
Sony,Mobile,Ice Blue,54589,13
Fenda,Speakers,Black,10489,10
Plantronics,Headphones,Gold ,12339,7
Philips,Speakers,Red,9978,9
B&O Play,Speakers,Silver,157579,7
Portronics,Powerbank,White,8788,4
Motorola,Mobile,Dark Canvas,8124,10
Speck,Tabs & Laptops,Malachite Green,10984,17
Motorola,Powerbank,Black,8229,5
Philips,Fitness trackers,Lavender,12729,20
Apple,Audio Player,Space Grey,20469,16
MSI,Gaming accessories,Black,214579,18
Lenovo,Tabs & Laptops,Black,35474,19
LG,Headphones,Pink,11439,10
Fitbit,Fitness trackers,Black,8939,13
Lenovo,Tabs & Laptops,Gun Metal,65739,19
Samsung,TV,Dark Titan,64448,17
Lenovo,Tabs & Laptops,Black,49249,17
Skywater,Mobile,Black,9669,18
Portronics,Powerbank,White,11909,5
Sony,Powerbank,Black,10379,4
Samsung,Headphones,Gold,9829,7
Motorola,Speakers,Black,9099,6
Fitbit,Fitness trackers,Lavender,16088,19
Apple,Mobile,Silver,88429,16
Sony,TV,Black,47574,15
Samsung,Mobile,Black ,26989,10
Panasonic,Speakers,Black,13959,6
Garmin,Fitness trackers,Black,14588,13
Sony,Headphones,Green,9649,6
Nikon,Camera,Black,23779,12
Braun,Fitness trackers,Black & Blue,22989,13
Apple,Tabs & Laptops,Silver ,101909,16
Apple,Tabs & Laptops,Space Grey ,101999,18
Lenovo,Tabs & Laptops,Black ,29079,12
Zoook,Speakers,Black,11088,10
Canon,Camera,Black,132584,18
B&O Play,Headphones,White,21089,5
Garmin,Fitness trackers,Black,28579,14
ASUS,Tabs & Laptops,Aqua Blue,33714,10
Egate,TV,Black,27379,10
Portronics,Powerbank,Black,9388,3
Samsung,Mobile,Gold,26489,12
Zoook,Speakers,Black,8629,10
Apple,Mobile,Gold,28489,18
SteelSeries,Gaming accessories,Black,27358,16
Motorola,Powerbank,Black,9789,3
JBL,Speakers,Black,9988,8
Braun,Fitness trackers,Black,10104,20
Beats,Headphones, Black,37489,9
Skywater,Powerbank,Silver,8949,3
Lenovo,Tabs & Laptops,Silver,84489,16
Portronics,Gaming accessories,White & Black,8388,19
Apple,Mobile,Space Grey,79969,17
iBall,Tabs & Laptops,Black,19789,17
Skullcandy ,Headphones,Royal Blue,8809,6
Lowepro,Camera,Galaxy Blue,9689,13
Intex,Speakers,Black,9689,8
Samsung,Mobile,Gold,9819,16
Beyerdynamic,Headphones,Black and Silver,10874,8
Apple,Tabs & Laptops,Silver,140699,11
Fitbit,Fitness trackers,Black,8939,14
Zoook,Headphones,Red & Black,8438,9
Panasonic,Fitness trackers,Multi,10024,12
Logitech,Speakers,Red,17704,5
Sony,Camera,Black,124579,16
Diesel,Fitness trackers,Brown,14084,15
Fitbit,Fitness trackers,Blue,30588,13
Gamdias,Gaming accessories,Black,11584,20
Hercules DJ,Audio Player,Black,16588,18
Motorola,Mobile,Lunar Grey,19809,15
Draco Design,Mobile,Ducati Black,9834,15
House Of Marley,Headphones,Signature Black,10038,7
Beyerdynamic,Headphones,Black,22459,5
Razer,Gaming accessories,Black,9758,20
Samsung,Mobile,Black,8529,14
Sennheiser,Headphones,Black Chrome,12834,10
Motorola,Headphones,Blue,7889,6
Beats,Headphones, Red,31189,9
Lenovo,Mobile,Black,16379,11
Lowepro,Camera,Black,22444,12
Nikon,Camera,Black,186779,10
Samsung,Speakers,Silver,49719,8
Toshiba,Tabs & Laptops,,62589,14
Logitech,Tabs & Laptops,Black,8269,13
Belkin,Mobile,Phantom,9174,13
Sony,Mobile,Deep Sea Black,65089,11
Lenovo,Tabs & Laptops,Silver,40989,15
JBL,Headphones,Black,9088,9
Sony,Camera,Black,51389,14
Apple,Tabs & Laptops,Gold,76504,15
Accutone,Headphones,Blue,10488,7
Swiss Military,Speakers,Green/White,8949,9
Master and Dynamic,Headphones,Gunmetal & Black Leather,40359,7
Motorola,Powerbank,Black,8394,3
SanDisk,Powerbank,Silver,10888,5
Lowepro,Camera,Black,14714,14
Skywater,Mobile,Black,9349,18
Monster,Headphones,Cobalt Blue,20249,8
Logitech,Tabs & Laptops,Blue,8629,14
Intex,Speakers,Black,9289,8
Toshiba,Tabs & Laptops,,41189,10
Sony,Headphones,Blue,9649,6
Hercules DJ,Audio Player,Black,15555,19
Apple,Mobile,Camellia,10199,13
Apple,Mobile,Space Grey,28489,14
Acer,Tabs & Laptops,Blue,38188,17
Sony,Powerbank,White,8949,4
Motorola,Headphones,Purple,8569,8
Speck,Mobile,Clear,9444,14
Philips,Fitness trackers,Black & Navy Blue,9724,19
Skullcandy ,Headphones,Black,8809,6
Apple,Mobile,Charcoal Grey,15869,17
Samsung,Mobile,Silver,8799,13
Braun,Fitness trackers,"White, Blue",15089,15
Beats,Headphones, Matellic Sky,37489,8
Belkin,Powerbank,Black,10964,5
Nikon,Camera,Black,53989,15
Panasonic,Fitness trackers,Black,8389,10
Skullcandy ,Headphones,Royal Blue,11659,5
Vifa,Speakers,Pebble Grey,47588,5
Apple,Powerbank,White,9659,5
Lenovo,Tabs & Laptops,Gun Metal,59579,11
ASUS,Mobile,Silver,14588,18
Skywater,Powerbank,Red,8229,3
Gamdias,Gaming accessories,Black,8288,17
Urbanears,Headphones,White,11214,10
Samsung,Mobile,Black,15679,12
Skullcandy ,Headphones,Gray & Black,10924,5
Motorola,Mobile,Turquoise,8124,13
Shure,Headphones,Black,11988,6
Apple,Tabs & Laptops,Silver,146999,14
Samsung,Mobile,Black,12239,17
Sennheiser,Headphones,Black,30834,7
Beyerdynamic,Headphones,Black,11229,8
Acer,Tabs & Laptops,Silver,56088,11
Logitech,Tabs & Laptops,Black,8989,12
Skullcandy ,Headphones,Royal Navy,10029,7
Fenda,Speakers,Black,13439,9
Dell,Tabs & Laptops,Black,42579,10
Havells,Fitness trackers,Pink,8364,10
Lenovo,Tabs & Laptops,Red,41589,12
Beats,Headphones, White,25589,8
Samsung,Mobile,Black ,30489,17
Samsung,TV,Dark Titan,138008,17
Logitech,Powerbank,Black,8964,4
Panasonic,Fitness trackers,Silver and Blue,10694,16
Apple,Powerbank,White,13349,3
Apple,Tabs & Laptops,Rose Gold ,101909,11
Olympus,Camera,Black,11288,13
Samsung,Mobile,Black ,20079,17
Apple,Mobile,Midnight Blue,12269,10
Zoook,Powerbank,Black,8779,4
Fitbit,Fitness trackers,Navy,16088,19
Lenovo,Tabs & Laptops,Black,29379,18
Sony,Headphones,Blue,10489,10
Braun,Fitness trackers,"White, Green",12989,15
Shure,Headphones,Blue,15388,10
Garmin,Fitness trackers,Black,20079,16
Portronics,Speakers,Black,9924,9
Panasonic,Fitness trackers,White,8219,12
UltraProlink,Mobile,Black,8488,12
Sony,TV,Black,61524,18
Lowepro,Camera,Black,8444,15
Misfit,Fitness trackers,Black,15084,10
ASUS,Tabs & Laptops,White,22989,13
Braun,Fitness trackers,Black,18519,19
Sol Republic,Headphones,Blue,15389,7
HP,Tabs & Laptops,Silver,82589,10
Samsung,TV,Black,71508,13
Tp- Link,Powerbank,Black,14839,5
Dell,Tabs & Laptops,Gray,81945,15
Zoook,Powerbank,Multi,8239,4
HP,Tabs & Laptops,Black,33584,20
Plantronics,Headphones,Grey,10509,9
Fenda,Speakers,Black,11449,8
TAGG,Headphones,Black,8934,8
Speck,Mobile,Red & Black,9339,15
iBall,Speakers,Black,12294,9
JBL,Speakers,Blue,9988,5
Acer,Tabs & Laptops,Black ,35344,12
Razer,Gaming accessories,Black,24588,18
Zoook,Speakers,Black,13788,10
Nikon,Camera,Black,67379,10
Pennline,Mobile,Brown,10384,14
Fitbit,Fitness trackers,Black,16188,16
Beyerdynamic,Headphones,Black,21079,10
Philips,Headphones,Black,8858,9
Philips,Fitness trackers,Rose Gold,15499,14
Samsung,TV,Dark Titan,83188,14
Apple,Powerbank,Black,20099,5
Motorola,Mobile,Black,21689,12
Sony,Headphones,Black,13984,9
Google,Mobile,Quite Black,51569,13
Lenovo,Tabs & Laptops,Silver,54109,17
Beats,Headphones, Titanium,37489,10
Bose,Speakers,Grey,26494,9
HP,Tabs & Laptops,Silver,43889,20
Belkin,Powerbank,Black,9939,3
Shure,Headphones,Black,20588,10
Lenovo,Tabs & Laptops,Black,70389,14
Pennline,Mobile,Black,10284,15
Logitech,Speakers,Green,17704,5
Lowepro,Camera,Black,10139,12
Lenovo,Tabs & Laptops,Grey,56484,14
Portronics,Headphones,Black,8839,6
Shure,Headphones,Clear,40488,6
Beats,Headphones, White,19939,7
Sony,Headphones,Black,10489,7
Lenovo,Tabs & Laptops,Grey,37144,19
Philips,Fitness trackers,Black & Red,9404,18
Lowepro,Camera,Black,23204,17
Bose,Speakers,Carbon,22979,6
Gamdias,Gaming accessories,Black,10578,17
Swiss Military,Mobile,Black,9724,12
Canon,Camera,Black,91584,10
Samsung,Mobile,Pink Gold,9819,17
Samsung,Mobile,Black,8714,11
Apple,Powerbank,White,9839,5
Michael Kors,Mobile,Brown,13377,10
Panasonic,Fitness trackers,White & Blue,9254,17
Sony,Speakers,Blue,16239,10
Philips,Fitness trackers,Black & Gold,9724,18
Samsung,Mobile,Black ,33489,13
Skywater,Mobile,Black,8909,12
That Company Called IF,Powerbank,Red,8579,4
Apple,Powerbank,Silver,13799,3
Draco Design,Mobile,Ducati Red,9834,14
Beyerdynamic,Headphones,Grey,24274,5
Targus,Powerbank,Black,13679,3
Ergo Health,Tabs & Laptops,Grey,9988,12
Marshall,Speakers,Black,46678,8
Benro,Camera,Black,20239,15
Sony,Headphones,Red,10059,7
ASUS,Tabs & Laptops,Black ,26579,16
Panasonic,Fitness trackers,Black,9544,12
boAt,Speakers,Black,9009,6
Motorola,Powerbank,Blue,8229,3
Beats,Headphones, Infinite Black,39089,9
Havells,Fitness trackers,White,8519,15
SanDisk,Powerbank,Black,10538,3
Motorola,Mobile,Royal Blue,8124,13
Motorola,Headphones,White,8524,6
Draco Design,Mobile,Flare Red,13864,14
Sony,Camera,Black,27289,18
Braun,Fitness trackers,Black,11284,19
Fitbit,Fitness trackers,Black,8939,14
Vifa,Speakers,Ocean Blue,47588,8
Sol Republic,Headphones,Grey,25504,7
Accutone,Headphones,Purple,9624,9
Portronics,Powerbank,White,8588,3
Anker,Powerbank,RED,8488,3
Anker,Powerbank,SPACE GREY,8148,3
Lenovo,Tabs & Laptops,Black,29574,18
Speck,Tabs & Laptops,Orchid Purple  ,10984,20
Samsung,Mobile,Gold,48489,16
Sol Republic,Headphones,Black,12339,10
ASUS,Mobile,Gold,23588,14
Samsung,Mobile,Gold,8799,17
Apple,Mobile,Berry,11639,10
Logitech,Camera,Black,16109,17
Marshall,Speakers,Black,39028,10
Samsung,TV,Dark Titan,79188,15
Apple,Mobile,Red,13079,13
Beats,Headphones,White,28339,9
ASUS,Tabs & Laptops, Aqua Blue,40559,14
Sol Republic,Headphones,Lemon Lime,11089,7
Skullcandy ,Headphones,Black & Chromo,11659,9
Wahl,Fitness trackers,Blue & White,11339,18
Sony,Headphones,Black,8619,9
Beats,Speakers,Black,25489,9
Panasonic,Fitness trackers,Blue & Black,9584,14
Draco Design,Mobile,Gold,9834,17
Skywater,Mobile,Black,8549,10
That Company Called IF,Powerbank,Pink,8824,3
Beyerdynamic,Headphones,Grey,24274,7
Seagate,Powerbank,Black,13839,3
Sol Republic,Headphones,Black,15389,9
HP,Tabs & Laptops,Black,87439,20
Lenovo,Tabs & Laptops,Black,38089,13
iBall,Speakers,Black,13239,9
Apple,Tabs & Laptops,Space Grey ,65159,15
Toshiba,Tabs & Laptops,,65589,14
Nikon,Camera,Black,32879,13
Samsung,TV,Black,37088,12
Urbanears,Headphones,Purple,10388,5
That Company Called IF,Powerbank,Green,10139,3
Lenovo,Tabs & Laptops,Black,50479,11
Canon,Camera,Black,25484,15
Lenovo,Tabs & Laptops,Silver,47089,14
Hercules DJ,Audio Player,Black,20088,23
Portronics,Speakers,Black,9888,9
Apple,Mobile,Charcoal Grey,13799,11
Sol Republic,Speakers,Blue,14339,10
Acer,Tabs & Laptops,Black,67579,18
Beats,Headphones, Red,19939,8
That Company Called IF,Powerbank,Green,8579,5
Apple,Tabs & Laptops,Silver,62109,15
Lenovo,Tabs & Laptops,Black,37689,13
Portronics,Powerbank,Black,8699,5
Philips,Fitness trackers,Black ,8289,16
Braun,Fitness trackers,Blue & Black,13749,15
Skullcandy ,Headphones,White,8809,6
TAGG,Powerbank,Black,8384,4
Havells,Fitness trackers,Black,8829,10
Apple,Mobile,Pebble,10199,14
Acer,Tabs & Laptops,Black,30624,16
Vifa,Speakers,Sunset Red,47588,6
B&O Play,Headphones,Natural,37579,6
Sony,TV,Black,69894,11
Shure,Headphones,Black,26388,8
Motorola,Speakers,Black,9414,6
ASUS,Mobile,Gold,17588,15
Lowepro,Camera,Midnight blue and grey,14714,11
ASUS,Tabs & Laptops,Dark Brown,42784,18
Braun,Fitness trackers,Black,11154,12
Dell,Tabs & Laptops,Grey,72489,16
Master and Dynamic,Headphones,Gunmetal,17588,10
SoundMAGIC,Headphones,Black & Gunmetal,9928,6
iBall,Tabs & Laptops,Brown,23779,19
Zoook,Powerbank,Gold,8259,3
Portronics,Powerbank,Black,8688,4
Samsung,Mobile,Black,8869,14
ASUS,Tabs & Laptops,Silver,32789,15
Beats,Headphones, Matte Black,37489,9
Shantanu & Nikhil,Tabs & Laptops,Black,9939,12
Samsung,Mobile,Silver,50989,17
Motorola,Mobile,Grey,22629,13
Apple,Powerbank,White,15059,3
Samsung,Tabs & Laptops,White ,24089,18
HP,Tabs & Laptops,Silver,44589,13
Lowepro,Camera,Black,12549,15
ASUS,Tabs & Laptops,Black ,28289,11
Apple,Mobile,Midnight Blue,10919,18
Shure,Headphones,Black,17288,9
Lenovo,Tabs & Laptops,Silver,43189,18
Apple,Powerbank,White,9209,4
ASUS,Tabs & Laptops,Black,27889,18
Seagate,Powerbank,Blue,18389,5
Samsung,Mobile,Gold,8869,12
Philips,Fitness trackers,Black,10004,18
Apple,Tabs & Laptops,Black,53649,14
Logitech,Tabs & Laptops,Black,9069,13
Anker,Powerbank,WHITE,7898,4
Philips,Fitness trackers,Black & Blue,9404,19
Apple,Mobile,Red,77529,18
Targus,Powerbank,Black,8374,5
Marshall,Speakers,Cream,30108,10
Motorola,Powerbank,Black,8394,3
SoundMAGIC,Headphones,Red & Black,10364,7
Targus,Powerbank,Titanium & Black,9864,4
Apple,Audio Player,Space Grey,25359,15
Samsung,Mobile,Silver,9839,11
Lenovo,Tabs & Laptops,Silver,43089,17
Canon,Camera,Black,205519,14
B&O Play,Speakers,Natural,47579,9
Shure,Powerbank,Black,10588,5
B&O Play,Headphones, Cenere Grey,37579,5
Anker,Powerbank,BLACK,9388,5
Bose,Speakers,Black,61984,8
Philips,Speakers,White,10079,5
Swiss Military,Powerbank,Brown,9274,5
Apple,Tabs & Laptops,Gold,49864,15
Draco Design,Mobile,Graphite Grey,13864,13
Skullcandy ,Headphones,Royal Blue,10844,6
Skywater,Powerbank,Black,8389,5
Fitbit,Fitness trackers,Blue,24588,10
Beats,Headphones,White,23489,5
Fitbit,Fitness trackers,Teal,20588,18
Logitech,Speakers,Cyan Green,9389,5
Braun,Fitness trackers,Blue,10359,12
Lenovo,Tabs & Laptops,Black Texture,29989,12
Motorola,Mobile,Fine Gold,19809,12
Speck,Mobile,Grey & Freeze Yellow,9339,15
Bose,Headphones,Black,17099,5
Pennline,Mobile,Black,9584,12
Lenovo,Tabs & Laptops,Black ,28509,17
Samsung,Mobile,Silver,8799,10
Logitech,Camera,Black,9114,10
Fenda,Speakers,Black,9739,5
Lowepro,Camera,Black,30589,14
Panasonic,Fitness trackers,Black,8774,20
Sennheiser,Headphones,Black,12084,9
iBall,Speakers,Black,17289,9
Draco Design,Mobile,Graphite Grey,11399,17
Plantronics,Headphones,Grey,10094,7
Logitech,Speakers,Orange,9239,9
Beats,Headphones, Red,25589,7
Targus,Tabs & Laptops,Grey,9574,10
B&O Play,Speakers,Natural & Champagne,47579,9
Lenovo,Tabs & Laptops,Black ,27939,13
Seagate,Powerbank,Silver,13839,3
Skywater,Mobile,Red,9349,11
Apple,Tabs & Laptops,Gold,82454,16
Speck,Tabs & Laptops,Grape Purple ,10984,19
Samsung,Mobile,Silver,9689,18
SoundMAGIC,Headphones,Black & Red,12088,10
SoundMAGIC,Headphones,Black,9299,10
Egate,Powerbank,White,9429,4
Apple,Tabs & Laptops,Gold,66644,10
Sennheiser,Headphones,Black,13584,6
Portronics,Headphones,Black,8788,7
Braun,Fitness trackers,Black,12334,15
Vifa,Speakers,Ocean Blue,67588,6
Panasonic,Fitness trackers,Black,8919,10
Seagate,Powerbank,Silver,11864,4
Zoook,Headphones,Black,9009,7
Draco Design,Mobile,Graphite Grey,13864,12
Skywater,Headphones,Black,9488,10
Logitech,Tabs & Laptops,Grey,9734,15
Philips,Fitness trackers,Black & Silver,13624,11
Portronics,Powerbank,White,8369,5
Lowepro,Camera,Black,8699,11
Skywater,Powerbank,Black,11989,3
Michael Kors,Fitness trackers,Silver,17584,18
Logitech,Speakers,Pink,11854,8
Apple,Mobile,Space Grey,29989,11
Sony,Powerbank,Black,12569,4
Beyerdynamic,Headphones,Grey,68789,10
Zoook,Speakers,Black,8784,6
B&O Play,Headphones,Black,37579,5
Canon,Camera,Black,39084,18
Hercules DJ,Audio Player,Clear,13488,22
ASUS,Tabs & Laptops,Metallic Black,100899,19
Samsung,Tabs & Laptops,White ,23089,10
Shure,Powerbank,Black,10588,5
Philips,Fitness trackers,Black,8514,11
Logitech,Camera,Black,8539,17
Lowepro,Camera,Slate Blue,10294,16
Philips,Speakers,Black,10259,8
LG,Mobile,Titan,22879,13
LG,Headphones,Black,12439,10
Apple,Mobile,Silver,77529,11
Apple,Audio Player,Silver,32969,21
Benro,Camera,Black,12064,18
Philips,Fitness trackers,Pink,10749,11
Master and Dynamic,Headphones,Silver Metal & Navy Leather,40359,6
Portronics,Tabs & Laptops,Silver,8388,18
B&O Play,Headphones,Argilla Bright,45089,8
ASUS,Tabs & Laptops,Black,80889,16
Lenovo,Tabs & Laptops,Grey,56019,19
SoundMAGIC,Headphones,White,8918,6
Logitech,Tabs & Laptops,Black,8324,18
Logitech,Speakers,Lilac,11854,6
Braun,Fitness trackers,Black,22129,10
Canon,Camera,Black,21084,13
Bose,Headphones,Frost Grey,17099,8
Fenda,Speakers,Red,8687,6
Sol Republic,Speakers,Navy Blue,14339,6
Samsung,Mobile,Black,19079,11
Belkin,Powerbank,Black,9384,5
Fitbit,Fitness trackers,Black,20588,20
Dell,Tabs & Laptops,Black,70014,10
SteelSeries,Gaming accessories,Black,13248,22
Urbanears,Headphones,Purple,11988,5
Nikon,Camera,Black,69579,13
Lowepro,Camera,Black,10754,14
Garmin,Fitness trackers,Black/Slate,35579,16
HP,Tabs & Laptops,Black ,39589,10
Acer,Tabs & Laptops,Light Blue,36588,18
Fenda,Speakers,Black,9529,6
Apple,Audio Player,Gold,24979,21
Logitech,Camera,Black,8819,10
Fenda,Speakers,Grey,9229,9
Egate,TV,Black,30079,18
SteelSeries,Gaming accessories,Black,10028,15
Lenovo,Tabs & Laptops,Silver,70079,12
Benro,Camera,Black,20049,18
Samsung,Mobile,Gold,33489,15
Anker,Powerbank,SPACE GREY,7898,5
LG,Mobile,Brown,20579,14
Apple,Audio Player,Blue,11634,16
Belkin,Powerbank,White,8644,5
Skywater,Mobile,,8949,14
Panasonic,Fitness trackers,White & Pink,10769,10
Withings,Fitness trackers,Blue,16088,20
SoundMAGIC,Headphones,Orange,8358,9
House Of Marley,Headphones,Copper,10038,8
JBL,Speakers,Grey,9988,9
SoundMAGIC,Headphones,Black,25588,10
Samsung,Mobile,Gold,8869,11
iBall,Speakers,Black,13389,9
Nikon,Camera,Black,121579,18
Acer,Tabs & Laptops,Black,58714,17
Sony,Speakers,Black,32219,8
Apple,Mobile,Black,11819,17
Apple,Mobile,Silver,67749,14
Lenovo,Tabs & Laptops,Black,59489,15
B&O Play,Headphones,Felspar Green,22089,8
Apple,Mobile,Rose Gold,45189,12
Apple,Tabs & Laptops,Space Grey ,212879,16
Sony,Camera,Black,61589,15
Apple,Tabs & Laptops,Silver,65159,13
Apple,Mobile,Space Grey,67749,15
Lowepro,Camera,Black,9389,11
Apple,Mobile,Camellia,10739,14
Bose,Headphones,Neon Blue,17099,7
Apple,Tabs & Laptops,Space Grey ,140699,10
Apple,Powerbank,White,14609,4
Portronics,Speakers,Blue,8488,5
HP,Tabs & Laptops,Grey,61589,20
Draco Design,Mobile,Rose Gold,11399,10
Beats,Headphones, Black,25589,9
Sony,Speakers,Black,26889,10
Canon,Camera,Black,67584,14
Zoook,Speakers,Black,11039,5
Sony,Headphones,Red,13984,9
Zoook,Powerbank,Blue,8414,4
SoundMAGIC,Headphones,Green,8358,8
LG,Mobile,Silver,42579,10
Fenda,Speakers,Black,15579,10
Toshiba,Tabs & Laptops,,78804,12
LG,Headphones,White,11439,5
Samsung,Mobile,Black,10054,14
Fitbit,Fitness trackers,Black,20588,20
Beats,Headphones, Hunter Green,25589,5
Shure,Powerbank,Black,11588,3
Lenovo,Gaming accessories,Black,100294,21
Logitech,Speakers,Black,13184,8
Sony,Speakers,Red,10739,7
SoundMAGIC,Headphones,Black & Gunmetal,11638,9
Lenovo,Tabs & Laptops,White,52039,20
Canon,Camera,Black,23184,17
Apple,Powerbank,Black,9839,4
Google,Mobile,Very Silver,59589,14
Nikon,Camera,Black,79479,12
Toshiba,Tabs & Laptops,,57789,13
Philips,Fitness trackers,Black & Blue,13124,13
Lenovo,Tabs & Laptops,Black,47529,14
Skullcandy ,Headphones,Swirl Black Mint,9054,9
Nikon,Camera,Red,21879,14
UltraProlink,Mobile,White,10288,10
Motorola,Mobile,Lunar Grey,23569,12
Apple,Mobile,Space Grey,53649,14
MSI,Gaming accessories,Black,340078,20
Apple,Tabs & Laptops,Silver,12359,18
Portronics,Headphones,Black,8388,5
Portronics,TV,Black,15388,13
Zoook,Headphones,Black,8438,5
Samsung,Mobile,white,9839,14
Shure,Headphones,Black,18588,8
boAt,Headphones,Black,9509,10
Monster,Headphones,White,27929,8
Apple,Powerbank,White,10019,5
Belkin,Powerbank,Black Gold,11789,5
Braun,Fitness trackers,Black,11744,16
Xolo,Mobile,Pyramid Gold,11818,15
Anker,Powerbank,RED,9118,4
Braun,Fitness trackers,White,10639,18
UltraProlink,Speakers,Black,8758,7
Sony,Headphones,Blue,9699,6
Braun,Fitness trackers,"White, Purple",12089,18
Xolo,Mobile,Black & Gunmetal,12508,13
Anker,Powerbank,WHITE,8218,4
SoundMAGIC,Headphones,Black,12632,5
Apple,Mobile,Jet Black,62109,13
Logitech,Speakers,Blue,17704,7
Canon,Camera,Black,61084,17
Apple,Tabs & Laptops,Silver,66644,12
Havells,Fitness trackers,Purple,9299,19
Fitbit,Fitness trackers,Pink Rose Gold,22588,12
Skywater,Mobile,Black,9989,12
Skullcandy ,Headphones,Royal Blue,10924,8
Accutone,Headphones,Blue,9849,7
Plantronics,Headphones,Black,9499,5
Fitbit,Fitness trackers,Plum,24588,11
TAGG,Headphones,Blue,9084,10
SteelSeries,Gaming accessories,Black,8588,23
Lowepro,Camera,Mica,18024,13
SteelSeries,Gaming accessories,Black,16918,21
Samsung,Mobile,Silver,9944,15
Shure,Headphones,Black,10988,9
HP,Tabs & Laptops,Silver,42589,13
Philips,Fitness trackers,Black & Blue,11544,20
Philips,Fitness trackers,White & Blue,9959,19
Apple,Mobile,Gold,76209,12
SteelSeries,Gaming accessories,Black,11358,19
Nikon,Camera,Black,46279,11
Apple,Mobile,Gold,45189,10
Samsung,Mobile,Gold,10519,17
Braun,Fitness trackers,Black,11289,15
Bose,Headphones,Black,20199,9
Sony,Speakers,Black,24789,9
Acer,Tabs & Laptops,Black,31588,14
Beyerdynamic,Headphones,Black,10519,9
Samsung,Mobile,Gold,20079,13
UltraProlink,Tabs & Laptops,White,13888,19
Logitech,Tabs & Laptops,Black,9424,19
Samsung,Mobile,Black,8869,14
Plantronics,Headphones,Black,10509,5
Panasonic,Fitness trackers,Black,8989,15
Misfit,Fitness trackers,Rose Gold,15084,17
Misfit,Fitness trackers,Black,15084,19
Zoook,Speakers,Black,11028,10
Braun,Fitness trackers,White,12829,14
Skywater,Powerbank,Black,8629,4
Acer,Tabs & Laptops,Black,44559,14
Dell,Tabs & Laptops,Grey,52378,20
Philips,Headphones,Pink,9839,10
Skywater,Mobile,,8789,11
Plantronics,Headphones,White ,10069,6
Apple,Mobile,Gold,79969,17
Zoook,Powerbank,Black,8744,4
Samsung,Mobile,Gold,8679,11
Garmin,Fitness trackers,Purple,28579,10
B&O Play,Headphones,Silver Cloud,22089,9
Fitbit,Fitness trackers,Blue,24588,11
Accutone,Headphones,Green,9849,7
Braun,Fitness trackers,White & Blue,8574,20
Apple,Tabs & Laptops,Silver,82454,10
Hercules DJ,Audio Player,Black,28188,20
Panasonic,Speakers,Black,11688,5
Anker,Powerbank,GREY,8488,3
HP,Tabs & Laptops,Silver,41089,10
Bose,Headphones,Black,35479,10
Bose,Headphones,Red,22029,8
Apple,Tabs & Laptops,Silver,83124,15
Speck,Mobile,White & Black,9339,12
ASUS,Tabs & Laptops,White,33489,16
Portronics,Powerbank,White,8488,5
HP,Tabs & Laptops,Black,146539,15
Apple,Powerbank,White,14789,3
Lowepro,Camera,Black,9279,14
Lenovo,Tabs & Laptops,Black,45559,10
Logitech,Gaming accessories,Black,15209,22
HP,Tabs & Laptops,Black,112589,13
Draco Design,Mobile,Ducati Diavel Dark,9834,13
Shure,Headphones,Black,14888,6
Logitech,Tabs & Laptops,Black,9169,13
Nikon,Camera,Black,12479,12
Draco Design,Mobile,Ducati Red,9834,11
Panasonic,Fitness trackers,Red,11434,11
Draco Design,Mobile,Ducati Moto GP 2,9834,17
Targus,Tabs & Laptops,Black,8874,16
Sony,Powerbank,Black,14389,3
TAGG,Powerbank,Black,8384,4
Fitbit,Fitness trackers,White,16188,18
Instyler,Fitness trackers,White,16588,19
Bose,Headphones,Black,17099,10
Panasonic,Fitness trackers,Grey,11509,16
Samsung,Mobile,Gold,58489,18
Seagate,Powerbank,White,13839,3
Beyerdynamic,Headphones,Black,39584,5
HP,Tabs & Laptops,Purple,38079,18
Lowepro,Camera,Black,9479,11
Lenovo,Tabs & Laptops,White,49529,16
Garmin,Fitness trackers,Black,60588,11
Lenovo,Tabs & Laptops,Black,38184,10
ASUS,Tabs & Laptops,Black,28279,11
Speck,Mobile,Blue & Charcoal Grey,9339,12
Sennheiser,Headphones,Blue & White,17334,7
Apple,Mobile,Gold,88429,18
Speck,Tabs & Laptops,Blue ,10984,13
Seagate,Powerbank,Black,17489,4
Lowepro,Camera,Black,9689,15
Portronics,Headphones,Red,8388,6
Beats,Headphones, White,15489,6
Zoook,Powerbank,Black,8294,5
Misfit,Fitness trackers,Green,15084,20
Zoook,Speakers,Black,8558,5
Lenovo,Tabs & Laptops,Black,34144,12
Philips,Headphones,White,10669,7
Apple,Mobile,Red,12269,11
Gamdias,Gaming accessories,Black,9078,17
Beats,Headphones, Black,25589,9
ASUS,Mobile,NAVY Blue,17588,17
Benro,Camera,Black,18629,11
Samsung,TV,Black,68358,11
Beats,Headphones, Blue,16089,7
Apple,Tabs & Laptops,Rose Gold,82454,15
Zoook,Powerbank,White,8229,5
Samsung,Mobile,Black,8634,10
Xolo,Mobile,Chocolate Brown & Gold,12508,15
Skullcandy ,Headphones,Black & Coral,16539,10
Ergo Health,Tabs & Laptops,Black,9388,13
Targus,Mobile,Black,8479,9
Justanned,Tabs & Laptops,Black,8688,15
Logitech,Speakers,Orange,12979,5
Lowepro,Camera,Black,16589,17
Vifa,Speakers,Pebble Grey,67588,10
Motorola,Mobile,Lemon Lime,8124,12
UltraProlink,Mobile,White,10288,7
Motorola,Powerbank,White,8229,5
Toshiba,Tabs & Laptops,,48589,13
Philips,Headphones,White,8464,7
Skullcandy ,Headphones,Red,8809,10
Gamdias,Gaming accessories,Black,8388,23
JBL,Headphones,Black ,12388,10
TAGG,Headphones,Black,9124,9
Sony,Speakers,Red,13739,10
Swiss Military,Powerbank,Black,8949,4
Apple,Mobile,Rose Gold,77529,16
Zoook,Speakers,White,8454,6
B&O Play,Headphones,Black,45089,6
Lenovo,Tabs & Laptops,Black Texture,36489,14
Beats,Headphones, Red,15489,8
Apple,Tabs & Laptops,Silver,183809,20
Gamdias,Gaming accessories,Black,8488,23
Skullcandy ,Speakers,Gray & Hot Lime,16589,7
Logitech,Tabs & Laptops,Black,8279,19
Vifa,Speakers,Ice Blue,67588,9
Xolo,Mobile,Black & Gunmetal,14058,13
Sony,Headphones,Black,19589,6
FLY FROG ,Tabs & Laptops,Silver,8988,17
Hercules DJ,Audio Player,Silver,15674,22
Portronics,Powerbank,Black,8369,3
Anker,Speakers,GREY,9388,6
Targus,Tabs & Laptops,Black,9549,19
Sony,Headphones,Black,10789,5
Logitech,Camera,Black,15324,14
Monster,Headphones,Black,23409,6
Speck,Tabs & Laptops,Calypso Blue ,10984,15
Apple,Powerbank,Black,19739,5
Dell,Tabs & Laptops,Black,39614,15
HP,Tabs & Laptops,Black,177489,15
Samsung,Mobile,Black,8869,15
Gamdias,Gaming accessories,Black,8984,21
Acer,Tabs & Laptops,Black,23579,14
Intex,Speakers,Black,8769,10
Fenda,Speakers,Black,13429,10
Sony,TV,Black,142434,14
Monster,Headphones,Black,36969,8
Havells,Fitness trackers,Ink Blue,11329,20
TAGG,Powerbank,White,8064,5
Anker,Powerbank,SILVER,11188,3
Tp- Link,Powerbank,White,9364,5
Speck,Mobile,White,9339,10
Egate,TV,White,18389,17
Canon,Camera,Black,70884,12
Intex,Speakers,Black,9439,6
Apple,Tabs & Laptops,Jet Black,87869,18
Beats,Headphones, Gold,37489,6
Apple,Mobile,Rose Gold,62109,10
Samsung,Mobile,Gold,9809,14
Lenovo,Tabs & Laptops,White,53589,15
Garmin,Fitness trackers,Blue,21579,20
Apple,Tabs & Laptops,Silver,50649,14
Philips,Headphones,Black,8634,9
Zoook,Headphones,Brown,8329,6
Samsung,Mobile,Gold,50989,16
Philips,Fitness trackers,Pink ,9724,15
Samsung,Mobile,Silver,10054,13
Skullcandy ,Headphones,Street Royal Blue,8809,7
Apple,Powerbank,White,9929,3
Apple,Powerbank,White,10109,4
Urbanears,Headphones,White,10174,10
Beats,Headphones, Stone Gray,25589,5
Beyerdynamic,Headphones,Black,43579,5
Sony,Headphones,Green,10059,9
Lenovo,Tabs & Laptops,Black,97889,19
Lenovo,Gaming accessories,Black,110784,23
Seagate,Powerbank,Black,11864,5
HP,Tabs & Laptops,Black,28084,14
B&O Play,Speakers,Black,30579,8
Philips,Audio Player,White,10088,21
Samsung,Mobile,Gold,14579,17
JBL,Headphones,Black,8988,10
Sennheiser,Headphones,Black,12459,8
Samsung,Mobile,Blue,9839,13
Samsung,Mobile,Gold,21079,15
HP,Tabs & Laptops,Silver,63589,10
Zoook,Speakers,Black,9028,10
Samsung,TV,Silver,202998,16
Apple,Powerbank,Black,10739,5
Samsung,TV,Dark Titan,117758,15
Philips,Speakers,Red,9879,9
Apple,Audio Player,Blue,25359,20
Intex,Speakers,Grey,8939,9
Acer,Tabs & Laptops,Black,31749,13
Apple,Audio Player,Silver,24979,19
Razer,Gaming accessories,Black,15188,20
Monster,Headphones,Blue,14369,7
Apple,Tabs & Laptops,Gold,72599,13
Urbanears,Headphones,White,9869,6
Apple,Tabs & Laptops,Jet Black,71509,14
Vifa,Speakers,Sandstone Grey,37588,10
Panasonic,Fitness trackers,Pink,8609,13
Michael Kors,Mobile,Purple,11723,16
Dell,Tabs & Laptops,Silver,85151,12
Apple,Tabs & Laptops,Rose Gold,54834,17
Lenovo,Tabs & Laptops,Gold,131584,16
Skywater,Powerbank,Gold,8949,3
Instyler,Fitness trackers,Pink,11638,17
Motorola,Headphones,Black,8634,5
Bose,Speakers,White,55574,9
Braun,Fitness trackers,Pink,8954,15
B&O Play,Speakers,Black,257579,9
Sennheiser,Headphones,Black,19584,5
Lenovo,Mobile,Silver,18868,16
Sony,Powerbank,Black,8949,4
Lowepro,Camera,Black,9339,15
Beats,Headphones, Silver,31189,7
Beyerdynamic,Headphones,Black,21079,9
Zoook,Powerbank,Black,8109,5
Sony,Speakers,Black,16239,9
Zoook,Speakers,Black,8858,7
Speck,Tabs & Laptops,Lightning Yellow ,10984,16
Zoook,Speakers,Black,10088,8
Shure,Headphones,Clear,14888,10
Apple,Tabs & Laptops,Rose Gold,63049,13
Skywater,Mobile,Black,9589,14
Logitech,Headphones,Black,11549,9
UltraProlink,Speakers,Black,9028,9
Skullcandy ,Headphones,Red & Black,10029,7
Canon,Camera,Black,155584,10
Samsung,Mobile,Gold,8744,15
Samsung,Mobile,White ,26989,10
Braun,Fitness trackers,Blue & Black,11514,18
ASUS,Tabs & Laptops,Black,86229,10
That Company Called IF,Powerbank,Green,10139,5
Panasonic,Speakers,Black,13049,8
Havells,Fitness trackers,Ink Blue,9064,16
Draco Design,Mobile,Astro Silver ,13864,11
Samsung,Mobile,Silver,8799,14
TAGG,Headphones,Black & Red,9484,8
Lenovo,Tabs & Laptops,Black,41999,10
Speck,Mobile,Purple & Deep Sea Blue,9339,10
SoundMAGIC,Headphones,Black ,26588,8
Skullcandy ,Headphones,Gray & Red,10924,6
Apple,Tabs & Laptops,Rose Gold,87869,13
Sony,Headphones,Red,9509,7
Beats,Headphones, Blue,19939,8
Canon,Camera,Black,66579,14
Apple,Mobile,Sapphire,11279,13
Canon,Camera,Black,137439,16
Garmin,Fitness trackers,Black,50579,20
Lowepro,Camera,Galaxy Blue,11809,11
Skywater,Mobile,Black,8789,18
Samsung,Mobile,Silver,9819,18
Gamdias,Gaming accessories,Black,8984,20
Braun,Fitness trackers,White,12554,17
Apple,Tabs & Laptops,Space Grey ,39699,16
iBall,Tabs & Laptops,Gray,16589,18
Sol Republic,Headphones,Grey,21089,10
Apple,Tabs & Laptops,Gold,92314,17
SoundMAGIC,Headphones,Black,8358,6
Nikon,Camera,Black,58879,10
Apple,Powerbank,White,11009,4
Beyerdynamic,Headphones,Grey,26389,7
Razer,Gaming accessories,Black,15378,21
Shure,Headphones,Grey,11888,9
Garmin,Fitness trackers,Black,31579,20
Anker,Powerbank,BLACK,11188,4
Lowepro,Camera,Black,14554,18
SteelSeries,Gaming accessories,Silver,11028,20
Lowepro,Camera,Black,9164,15
Benro,Camera,Black,13224,11
Targus,Powerbank,Black & Grey,10244,3
Samsung,Mobile,Black,10329,10
Sennheiser,Headphones,Urbanite Black,15084,10
Braun,Fitness trackers,Black,10784,15
Lowepro,Camera,Black,8789,15
Speck,Mobile,River Blue,9584,16
That Company Called IF,Powerbank,Blue,8824,5
Apple,Tabs & Laptops,Gold,53649,17
Belkin,Powerbank,Black,8909,4
Apple,Audio Player,Pink,32969,23
Logitech,Tabs & Laptops,Blue,8324,12
Dell,Tabs & Laptops,Black,30939,13
Marshall,Speakers,Cream,46678,9
ASUS,Tabs & Laptops,Silver Gradient,37689,12
Wahl,Fitness trackers,Black,8432,20
Fenda,Speakers,Black,8579,10
Belkin,Powerbank,Black,9279,4
TAGG,Powerbank,Black,7904,4
Apple,Tabs & Laptops,Space Grey ,53999,16
Portronics,Speakers,Black & Orange,8388,6
House Of Marley,Headphones,Denim Blue,10038,6
Skullcandy ,Headphones,Grey & Tan,16539,5
Dell,Tabs & Laptops,Black,47759,17
Nikon,Camera,Silver,14679,10
Samsung,Mobile,Gold,20489,11
Belkin,Powerbank,Black,8744,3
Bose,Headphones,Aqua,20199,6
Sony,Headphones,White,9344,10
TAGG,Headphones,Green,9084,6
Sony,TV,Black,267984,15
Lowepro,Camera,Black,23944,13
Apple,Powerbank,White,14519,3
That Company Called IF,Powerbank,Grey,10139,4
Canon,Camera,Black,51454,11
Intex,Speakers,Black,10389,7
Apple,Tabs & Laptops,Gold,65159,18
Samsung,Mobile,Silver,10519,17
Logitech,Headphones,Black,8434,6
Sennheiser,Headphones,Green & Black,13584,7
Skullcandy ,Headphones,Swirl Royal blue,8649,10
Apple,Audio Player,Silver,25359,19
Portronics,Powerbank,White,8688,5
Sony,Speakers,Black,18404,8
Samsung,Mobile,Black,28489,11
Apple,Tabs & Laptops,Space Grey ,123419,17
Apple,Powerbank,White,11639,3
Logitech,Tabs & Laptops,White,9789,18
Apple,Tabs & Laptops,Silver ,123419,18
Draco Design,Mobile,Champagne Gold,13864,16
Withings,Fitness trackers,White Black ,22888,19
Aftershokz,Headphones,Blue,18148,5
ASUS,Tabs & Laptops,Black,52234,19
Bose,Speakers,Silver,55574,7
Intex,Tabs & Laptops,Black,8439,16
Apple,Mobile,Silver,79969,17
Sony,Mobile,Graphite Black,21899,14
Sony,Headphones,Black,33489,5
Fenda,Speakers,Black,10779,8
Philips,Fitness trackers,Purple,9964,16
Accutone,Headphones,Black,11999,6
Skywater,Mobile,Black,9989,11
HP,Tabs & Laptops,Black,35589,16
Sony,Mobile,Black,54589,11
Belkin,Powerbank,White,11809,4
Lowepro,Camera,Mica,11324,11
SoundMAGIC,Headphones,Red,8258,7
Panasonic,Fitness trackers,White & Orange,8994,20
Skywater,Mobile,Black,9349,15
Olympus,Camera,Silver,11069,11
Speck,Tabs & Laptops,Cobalt,10984,10
Apple,Tabs & Laptops,Silver,71509,13
Canon,Camera,Black,63584,14
Havells,Fitness trackers,Orange,8909,14
JBL,Speakers,Orange,9988,7
Skullcandy ,Headphones,Swirl Gray Red,9054,10
SteelSeries,Gaming accessories,Black,11588,19
Olympus,Camera,Black,15088,15
Sony,Camera,Black,37389,15
